ID,Seq,Length
dbAMP_00396,ALWLAIRKR,9
dbAMP_01069,DIAPPGPNGDPKSVQIDDKYTGAEMYGEGDFRVGLGTDLTMYPPVYRESLGNGSGGWEFDFTVCGSTACRFVDSNGDVKEDDKAKEMWWQEINFNDINQDLYSRNDSDWVGSTPADTQPEFDYTDFALARDGVTLALTALNPAMGSLALGATYFLSDMVNWIASQHEDDSSLKRKWDYDGLSGPLYADSSTYLLARDEMTSNSYESFTIDNIAVAFPEFPVRTKYYVTFTAPDDPSTQSISTLEEEGIYRVPATE,255
dbAMP_01074,DIDITGCSACKYAAG,15
dbAMP_01075,DIDITGCSACKYAAGQVCTIGCSAAGGFICGLLGITIPVAGLSCLGFVEIVCTVADEYSGCGDAVAKEACNRAGLC,76
dbAMP_02002,FLPFLAKILTGVL,13
dbAMP_04839,IPLIWKDFTLDRRLYEAMRRKNTNVDASAALEAAYTVSSAEEMMILRGITRNGTTFEKNGLYEGAGQDYSTPKAIGTYGGIQDAVTDVYEMMDDSDVPTDSLRWNLSMSPNIYNKVNKSRSANDVKEMKDLLELLGTPNNPGNVFKSNTLPSVSTTG,157
dbAMP_06099,MAAAADSLSQAEEPKLLTGTEKRTLARELAKTPAFRELAQRARADGAQIRSDADSIVAGYARGEDFAREVVQYDLENLTDAAEASIVIGRNPETGEIEVANLDYYYETDDGVLDEVHRFEPTNASETDGVQSAATSDGATVIAVDTDAIREAQNSEIDIDESSPSNAAPTPADIDITGCSACKYAAGQVCTIGCSAAGGFICGLLGITIPVAGLSCLGFVEIVCTVADEYSGCGDAVAKEACNRAGLC,248
dbAMP_06100,MAAAAGDLSQAEEAKLLTGAEKRDLARKLAATPAFRELAQRARADSAQVRTDADGVVAGYARGEDFAREVVQYDLENPADADEGSIVVGRNPDTGEIEVASLDYYYETDDGVLNEVHRFEPTGGGESNGPQPAATSGGATVISVDTDAIREARNSELDPDQISPSGTAVTPADIEVTGCSACQYAAGQICTIGCSAAGGFICGFLGITIPVAGLSCLGFVEIVCTVADEYSGCGDAVAEEACDRAGLC,248
dbAMP_07517,MHHHHHHMISGSVRFLVNLESLNGVESIGNLTKHRTAPVVLKTSTGYLVRYVPVISGEALAHAYQASLVDIAKKEGLPVGSLSSQYEFIKFSTDEALKIEGIKEPKDYNDARRFEVEVMLKDVIADVGGFMYAGGAPVRRTSRIKLGYMIPALRGDEIPAQLEAQFHVRFSNKPVSGSQAIFNVEVSSALYTFSFELDEDLIAVPSTFGEKVKGEEELERQKAKRVKSAIKALYSLLSGNFGGKRSRFLPSMKLM,255
dbAMP_07518,MHHHHHHMKSYFVTMGFNETFLLRLLNETSAQKEDSLVIVVPSPIVSGTRAAIESLRAQISRLNYPPPRIYEIEITDFNLALSKILDIILTLPEPIISDLTMGMRMINTLILLGIIVSRKRFTVYVRDEGGGSRVISFNDNTIRALMRDYSREEMKLLNVLYETKGTGITELAKMLDKSEKTLINKIAELKKFGILTQKGKDRKVELNELGLNVIKLNKSVIESSKSSEELVKENKGKEVNIPY,244
dbAMP_07523,MHRFEPTNASETDGVRSAAMSDGATVISVDTDAIREAQNSEIDLDESSSSGTAPTPADIDITGCIACKYAAGKVCTSGCSAADGFTCGLLGITIPVAGLSCLGFVEIVCTVADEYSGCGDAVAKEACNRVGLC,133
dbAMP_07524,MHRFEPTNASETDGVRSAAMSDGATVISVDTDAIREAQNSEIDLDESSSSGTAPTPADIDITGCIACKYAAGKVCTSGCSAAGGFICGLLGITIPVAGLSCLGFVEIVCTVADEYSGCGDAVAKEACNRVGLC,133
dbAMP_09445,MTEDERSDDKTGIDRRTVLRTVGTAGVLATGTAGVAAAGSQFSRAEETRLLTGEEKRELARELSETEAFRELAQQAREDGNLIRNEADGVTAGYATGEGFTREIVEYELKGLSDAERGSIVVGRDPTTDEIEVASLDYYYETDDGVLDEVHRTESADAAGSEQLETATADSAGGTTVISVDTAAIRRVQDGSTELDESGAGGTANGTVTTQIDVTGCDACKIVAGQVCNVGCGATGGFICGFLGITVPVAGLSCL,255
dbAMP_09454,MTHANDNEHDSNEQETSGLNRRSFVRRAGAVGTGLALSPVAAGNVVASENISILDGKDERKVANRLAKTAEFDRLEAKAKSRDGTVSRGKSVTVGEVEIAADDAPDGKKIHRYVVEYPVKHPNPNAEAAVVLAEDATSDSLILSVLDYTHKTKDGFTTRIERFDAGAGEQTVSAANNTDGLASTELNLDADATRRAVNNVDTNAVIDEIYDGFTTGSDLTNLAWDLLDDDVDIDGCYACGFAVGLTCSVGCAATG,255
dbAMP_09495,MTRANDNEHDSNEQESGLNRRSFVRRAGAVGTGLALSPAAAGNAVAAENISILDGEAEAKVATRLAKSDEFDRLEAKANSRDGTVSRGESVTVGEVEVAADDAPDGEKIHRYVVEYPVKHPNDDAEAAVVLAEDATSDSLILSVLDYTHKTKDGFTTRIERFDAEAGEQTVSAANSSDGLASTELDLDADATRRAVNNVDTNAVIDEIYDGFTTGSDLSNLAWDLLDDDVDVDGCYACGFAVGLTCSVGCAATGA,255
dbAMP_09496,MTRANDNEHDSNEQETSGLNRRSFVRRAGAVGTGLALSPVAAGNAVAAENISILDGEAEAKVATRLAKSDEFDRLEAKANSRDGTVSRGESVTVGEVEVAADDAPDGEKIHRYVVEYPVKHPNDDAEAAVVLAEDATSDSLILSVLDYTHKTKDGFTTRIERFDAGAGEQTVSAANSSDGLASTELDLDADATRRAVNNVDTNAVIDEIYDGFTTGSDLTNLAWDLLDDDVDVDGCYACGFAVGLTCSVGCAATG,255
dbAMP_09497,MTRANDNEHDSNEQETSGLNRRSFVRRAGAVGTGLALSPVAAGNAVAAENISILDGEAEAKVATRLAKSDEFDRLEAKANSRDGTVSRGESVTVGEVEVAADDAPDGEKIHRYVVEYPVKHSNDDAEAAVVLAEDATSDSLILSVLDYTHKTKDGFTTRIERFDAGAGEQTVSAANSSDGLASTELDLDADATRRAVNNVDTNAVIDEIYDGFTTGSDLTNLAWDLLDDDVDVDGCYACGFAVGLTCSVGCAATG,255
dbAMP_09706,NIIKWDQQAIPFYETKVQDNAIIQSDKQVPYPLSIINTLFKVMPDLPKEETQPVFMKAYLTHSRKEDLLIYREHPLSILQRSKKMNRSDWNIPGNIVNDIVRAYEQVLSSGYSDVNLIIPPYVHALLYRVVDRTGTMEIELLRHLGNIYVSPNVDTIVVISKQVLYVYEKKSTTLENLGRDGVYEVYMLSSELAPYVTDPE,201
dbAMP_09919,PGMGIYLPM,9
dbAMP_09982,PQDEWAELREAARQAADSIRVFRRYIPTTRVGRGVEYVPVEREGVRDAVKLVEISAKFKISQAALDYAKRTGQPLDAGDALRAAAELALEEDRLVAHTLLNLSNALKMAATSWDEPGKAVAEVSKAVAELIKAGAPGPYILFVDPARFAKLVSVYEKTGVMELTRIKAIVKDVVPTPVVPPSAALLISASPQTLDLVIGADTEVEYLGPEDGKHLFRLWETIAVRV,226
dbAMP_10188,QNERYEKFLRQHYDAKPNGRDDRYCESMMKERKLTSPCKDVNTFIHGTKKNIRAICGKKGSPYGENFRISNSPFQITTCTHSGASPRPPCGYRAFKDFRYIVIACEDGWPVHFDESFISP,120
dbAMP_10278,QTLLQELPIPP,11
dbAMP_10763,RSDLPVNRTLNIIHRAGVKYSLMEDELLLSKHPLSIIERGRKEKASDWDIPGSIANDVIRGIQILETNGYTDPVTIISPELYTRLFRVYDKSGTYEIKLVKHATEIIVSPLIKGLAVVSKKGFYVMENTPAKVEFLGREGINSDYIIWGKIAPYLIDTNA,160
dbAMP_10927,SDCNINSNTAADVILCFNQVGSCALCSPTLVGGPVP,36
dbAMP_12363,VLLVTLTRLHQRGVIYRKWRHFSGRKYR,28
dbAMP_00029,AAGNPSETGGAVATYSTAVGSFLDGTVKVVATGGASRVPGNCGTAAVLECDNPESFDGTRAWGDLSADQGTGEDAPPETASLIFAVN,87
dbAMP_00051,AALRGALRAVARVGKAILPHVAIANPYVRTPYVHNNP,37
dbAMP_00054,AALYKKKIIKKLLES,15
dbAMP_00057,AAPKITQKQKNCVNGQLGGMLAGALGGPGGVVLGGIGGAIAGGCFN,46
dbAMP_00059,AAPTATVTPSSGLSDGTVVKVAGAGLQAGTAYDVGQCAWVDTGVLACNPADFSSVTADANGSASTSLTVRRSFEGFLFDGTRWGTVDCTTAACQVGLSDAAGNGPEGVAISFN,113
dbAMP_00088,ACQCPDAISGWTHTDYQCHGLENKMYRHVYAICMNGTQVYCRTEWGSSC,49
dbAMP_00121,ACYCRIPACLAGERRYGTCFYLGRVWAFCC,30
dbAMP_00122,ACYCRIPACLAGERRYGTCFYLRRVWAFCC,30
dbAMP_00123,ACYCRIPACLAGERRYGTCFYMGRVWAFCC,30
dbAMP_00148,ADRGWIKTLTKDCPNVISSICAGTIITACKNCA,33
dbAMP_00189,AFRKQLKW,8
dbAMP_00199,AGDPLADPNSQIVRQIMSNAAWGPPLVPERFRGMAVGAAGGVTQTVLQGAAAHMPVNVPIPKVPMGPSWNGSKG,74
dbAMP_00207,AGFLKVVQLLAKYGSKAVQWAWANKGKILDWLNAGQAIDWVVSKIKQILGIK,52
dbAMP_00247,AIKLVQSPNGNFAASFVLDGTKWIFKSKYYDSSKGYWVGIYEVWDRK,47
dbAMP_00283,AISYGNGVYCNKEKCWVNKAENKQAITGIVIGGWASSLAGMGH,43
dbAMP_00293,AKEFGIPAAVAGTVLNVVEAGGWVTTIVSI,30
dbAMP_00302,AKKVFKRLEKLFSKIQNDK,19
dbAMP_00303,AKKVFKRLEKLFSKIQNDKX,20
dbAMP_00304,AKKVFKRLEKLFSKIQNWKX,20
dbAMP_00305,AKKVFKRLEKLFSKIWNDKX,20
dbAMP_00306,AKKVFKRLEKLFSKIWNWKX,20
dbAMP_00307,AKKVFKRLEKSFSKIQNDKX,20
dbAMP_00308,AKKVSKRLEKLFSKIQNDKX,20
dbAMP_00352,ALLLAIRRR,9
dbAMP_00354,ALPKKLKYLNLFNDGFNYMGVV,22
dbAMP_00358,ALRLAIRKR,9
dbAMP_00359,ALRLAIRRR,9
dbAMP_00365,ALSKALSKALSKALSKALSKALSK,24
dbAMP_00390,ALWKTLLKKVLKAX,14
dbAMP_00404,ALYLAIRRR,9
dbAMP_00420,ANCSCSTASDYCPILTFCTTGTACSYTPTGCGTGWVYCACNGNFY,45
dbAMP_00427,ANIIGGKYYGNGVTCGKHSCSVDWGKATTCIINNGAMAWATGGHQGNHKC,50
dbAMP_00436,APAFSVSPASGASDGQSVSVSVAAAGETYYIAQCAPVGGQDACNPATATSFTTDASGAASFSFTVRKSYAGQTPSGTPVGSVDCATDACNLGAGNSGLNLGHVALTFG,108
dbAMP_00437,APAGLVAKFGRPIVKKYYKQIMQFIGEGSAINKIIPWIARMWRT,44
dbAMP_00447,APIIRRIPYYPEVESDLRIVDCKRSEGFCQEYCNYLETQVGYCSKKKDACCLH,53
dbAMP_00449,APKKQLKW,8
dbAMP_00464,APPPGLSAGV,10
dbAMP_00468,APQSITELCSEYHNTQIYTINDKILSYTESMAGKREMVIITFKSGATFQVEVPGSQHIDSQKKAIERMKDTLRITYLTETKIDKLCVWNNKTPNSIAAISMEKLYAGAVVNDL,113
dbAMP_00469,APRKNLKW,8
dbAMP_00484,AQCGAQGGGATCPGGLCCSQWGWCGSTPKYCGAGCQSNCK,40
dbAMP_00512,ARGTNVGRECCLEYFKGAIPLRKLKTWYQTSEDCSRDAIVFVTVQGRAICSDPNNKRVKNAVKYLQSLERS,71
dbAMP_00542,ARSYGNGVYCNNKKCWVNRGEATQSIIGGMISGWASGKAGM,41
dbAMP_00543,ARSYGNGVYCNNKKCWVNRGEATQSIIGGMISGWASGLAGM,41
dbAMP_00563,ASGGTVGXYGAWMRSXSLVSXSTITTFS,28
dbAMP_00564,ASGRDIAMAIGTLSGQFVAGGIGAAAGGVAGGAIYDYASTHKPNPAMSPSGLGGTIKQKPEGIPSEAWNYAAGRLCNWSP,80
dbAMP_00565,ASGRDIAMAIGTLSGQFVAGGIGAAAGGVAGGAIYDYASTHKPNPAMSPSGLGGTIKQKPEGIPSEAWNYAAGRLCNWSPNNLSDVCL,88
dbAMP_00566,ASGWVCTLTIECGTVICAC,19
dbAMP_00569,ASIIKTTIKVSKAVCKTLTCICTGSCSNCK,30
dbAMP_00570,ASILTNAS,8
dbAMP_00572,ASIVKTTIKASKKLCRGFTLTCGCHFTGKK,30
dbAMP_00579,ASSGWVCTLTIECGTVICACR,21
dbAMP_00585,ASVVTELRCQCLQTLQGIHLKNIQSVNVRSPGPHCAQTEVIATLKNGKKACLNPASPMVQKIIEKILNKGSTN,73
dbAMP_00587,ASYKVNIPAGPLWSNAEAQQVGPKIAAAHQGNFTGQWTTVVESAMSVVEVELQVENTGIHEFKTDVLAGPLWSNDEAQKLGPQIAASYGAEFTGQWRTIVEGVMSVIQIKYTF,113
dbAMP_00668,ATNSSEAFIESIAASAKPVADANGLYPSVMIAQAILESNWGSSQLSRAPYYNLFGIQGTYQGKSVVFKTQEYLNGKWVTKDMPFRVYPSFNQSFQDNTYVLKTTNFGNGPYYAKAWRANAATYQDATAALTGKYATDPSYGASLNRIISQYNLTRFDGASSAGNTNSGGSTTTNTNNNSGTNSSSTTYTVKSGDTLWGISQRYGISVAQIQSANNLKSTIIYIGQKLLLTGSASSTNSGGSNNSASTTPTTSVTP,255
dbAMP_00669,ATNSSEVFIESIAASAKPVADANGLYPSVMIAQAILESNWGSSQLSRAPYYNLFGIQGTYQGKSVVFKTQEYLNGKWVTKDMPFRVYPSFNQSFQDNAYVLKTTNFGNGPYYAKAWRANAATYQDATAALTGRYATDPSYGASLNRIISQYNLTRFDGASSAGNTNSGGSTTTITNNNSGTNSSSTTYTVKSGDTLWGISQRYGISVAQIQSANNLKSTIIYIGQKLVLTGSASSTNSGGSNNSASTTPTTSVTP,255
dbAMP_00670,ATPATPTVAQFVIQGSTICLVC,22
dbAMP_00672,ATQSHQ,6
dbAMP_00673,ATRSYDNGIYCNNSKCWVNWGEAKENIAGIVISGWASGLAGMGH,44
dbAMP_00674,ATRSYGNGVYCNDDKCWVNWNEANQQIAGIVISGWASGLAGMGH,44
dbAMP_00675,ATRSYGNGVYCNNSKCWNVGEAKENIAGIVISGKASGL,38
dbAMP_00676,ATRSYGNGVYCNNSKCWVNWGEAKENIAGIVISGWASGLAGMGH,44
dbAMP_00680,ATTHTVKPGESVWAISNKYGISIAKLKSLNNLTSNLIFPNQVLKVSGSSNSTSNSSRPSTNSGGGSYYTVQAGDSLSLIASKYGTTYQNIMRLNGLNNFFIYPGQKLKVSGTASSSNAASNSSRPSTNSGGGSYYTVQAGDSLSLIASKYGTTYQKIMSLNGLNNFFIYPGQKLKVTGNASTNSGSATTTNRGYNTPVFSHQNLYTWGQCTYHVFNRRAEIGKGISTYWWNANNWDNAAAADGYTIDNRPTVGSI,255
dbAMP_00682,ATVQGGIXYRMP,12
dbAMP_00687,ATYYGNGLYCNKEKCWVDWNQAKGEIGKIIVNGWVNHGPWAPRR,44
dbAMP_00688,ATYYGNGLYCNKQKCWVDWNKASREIGKIIVNGNVQHGPWAPR,43
dbAMP_00689,ATYYGNGLYCNKQKCWVDWNKASREIGKIIVNGWVQHGPWAPR,43
dbAMP_00690,ATYYGNGLYCNKQKHYTWVDWNKASREIGKIIVNGWVQH,39
dbAMP_00691,ATYYGNGLYCNKQKHYTWVDWNKASREIGKITVNGWVQH,39
dbAMP_00693,ATYYGNGVYCNKQKCWVDWSRARSEIIDRGVKAYVNGFTKVLG,43
dbAMP_00694,ATYYGNGVYCNKQKCWVDWSRARSEIIDRGVKAYVNGFTKVLGGIGGR,48
dbAMP_00698,AVDFGEAIWNPASSSNYSTASNQTSAVIMHTMEGSYAGSISWFQNPSAQVSAHYLIRKSDGQITQMVREYHQAWHAKNHNYYTIGIEHDGRAADAGNWSAAMVNASARLTKSICARRGVNCASAWKGPGYDTFHLVPDSVRVKGHGMLSGNENRYDPGKYFPWSNYYNLINGGGGNP,177
dbAMP_00727,AVPAVRKTNETLD,13
dbAMP_00747,AVVNGVNYVGETTAA,15
dbAMP_00752,AWKLFDDGV,9
dbAMP_00759,AWLLAIRRR,9
dbAMP_00769,AYPGNGVHCGKYSCTVDKQTAIGNIGNNAA,30
dbAMP_00783,CANSCSYGPLTWSCDGNTK,19
dbAMP_00789,CAWYNISCRLGNKGAYCTLTVECMPSCN,28
dbAMP_00864,CIRLEKARH,9
dbAMP_00874,CKQSCSFGPFTFVCDGNTK,19
dbAMP_00877,CLAGRLDKQCTCRRSQPSRRSGHEVGRPSPHCGPSRQCGCHMD,43
dbAMP_00879,CLASPSVFRRLTDPPGDARGRRRLAASLHRYLMRAVGRATPNGLWAGI,48
dbAMP_00880,CLGIGSCNDFAGCGYAIVCFW,21
dbAMP_00881,CLGIGSCNDFAGCGYAVVCFW,21
dbAMP_00882,CLGVGSCNDFAGCGYAIVCFW,21
dbAMP_00883,CLGVGSCNDFAGCGYAVVCFW,21
dbAMP_00884,CLGVGSCNNFAGCGYAIVCFW,21
dbAMP_00922,CRQSCSFGPFTFVCDGNTK,19
dbAMP_00923,CRQSCSFGPLTFVCDGNTK,19
dbAMP_00929,CSTNTFSLSDYWGNKGNWCTATHECMSWCK,30
dbAMP_00930,CSTNTFSLSDYWGNNGAWCTLTHECMAWCK,30
dbAMP_00933,CTCTTIISSSSTF,13
dbAMP_00935,CTFTLPGGGGVCTLTSECIC,20
dbAMP_00936,CTFTLPGGGGVCTLTSECIX,20
dbAMP_00938,CTKNKCTVDWAKATTCIAGMSIGGFLGGAIPG,32
dbAMP_00942,CTTCECCCSCS,11
dbAMP_00954,CVQSCSFGPLTWSCDGNTK,19
dbAMP_00962,CWSCMGHSCWSCMGHSCWSCAGHSCWSCMGHSCWSCMGHSCWSCAGHCCGSCWHGGM,57
dbAMP_00963,CXFXLPGGGGVCXLXXECIX,20
dbAMP_00968,DAAVEPELYHWGKVWLPN,18
dbAMP_00970,DAECEICKFVIQQVEAFIESNHSQAEIQKELNKLCSSVPSIFTQTCLSIARMVPYIIKKLEEHNSPGQVCQGLHLCKSS,79
dbAMP_00978,DAPGHPGKHYLQVNVPSDVRTIGVAGGGVQQCFRVTPGAWNDTRALVSNGAQVEVWGYTVADCANRTTANQKYYDKAAAPSDSSTYFWFTLKNLRV,96
dbAMP_00998,DDDDDD,6
dbAMP_01001,DDFLCAGGCL,10
dbAMP_01022,DEKGPKWKR,9
dbAMP_01028,DFASCHTNGGICLPNRCPGHMIQIGICFRPRVKCCRSW,38
dbAMP_01034,DFNLDLLSVSKKDSGASPRITSISLCTPGCKTGALMGCNMKTATCHCSIHVSK,53
dbAMP_01035,DFNLDLLSVSKKDSGASPRITSISLCTPGCKTGALMGCNMKTATCNCSIHVSK,53
dbAMP_01039,DGNDGQAELIAIGSLAGTFISPGFGSIAGAYIGDKVHSWATTATVSPSMSPSGIGLSSQFGSGRGTSSASSSAGSGS,77
dbAMP_01052,DHYLCVKNEGICLYSSCPSYTKIEGTCYGGKAKCCK,36
dbAMP_01079,DIGGSRQGCVA,11
dbAMP_01112,DKTRYFKWPPRCGEEKNMRLSGGLKE,26
dbAMP_01128,DLHTHAQ,7
dbAMP_01146,DNGEAGRAAR,10
dbAMP_01165,DPWDWV,6
dbAMP_01169,DQMSDGVNYGKGSSLSKGGAKCGLGIVGGLATIPSGPLGWLAGAAGVINSCMK,53
dbAMP_01207,DSHEKRHHGYRRKFHEKHHSHREFPFYGDYGSNYLYDN,38
dbAMP_01209,DSIRDVSPTFNKIRRWFDGLFK,22
dbAMP_01263,DWTAWSALVAAACSVELL,18
dbAMP_01265,DWTCWSCLVCAACSVELLNLVTAATGASTAS,31
dbAMP_01272,DYHHGVRVL,9
dbAMP_01287,ECELAKVDGGYTPKNCAMAVGGGMLSGAIRGGMSGTVFGVGTGNLAGAFAGAHIGLVAGGLACIGGYLGSH,71
dbAMP_01390,EGPVGLADPDGPASAPLGAP,20
dbAMP_01392,EGTWQHGYGVSSAYSNYHHGSKTHSATVVNNNTGRQGKDTQRAGVWAKATVGRNLTEKASFYYNFW,66
dbAMP_01402,EIKEALAKIRELDSPLFKEFEKDSRSGVQKEIEKRKKSIQAEIDENLRLEGMLAYEKELYA,61
dbAMP_01429,EKTLARTAAKTALKK,15
dbAMP_01435,EKYTEVPEYV,10
dbAMP_01439,ELASTLGISTAAAKKAIDIIDAASTIASIISLIGIVTGAGAISYAIVATAKTMIKKYGKKYAAAW,65
dbAMP_01469,ENDHRMPNNLNRPNNLSKGGAKCGAAIAGGLFGIPKGPLAWAAGLANVYSKCN,53
dbAMP_01470,ENDHRMPYELNRPNNLSKGGAKCAAGILGAGLGAVGGGPGGFISAGISAVLGCM,54
dbAMP_01482,EPFKLSLHL,9
dbAMP_01483,EPHPDEFVGLM,11
dbAMP_01488,EPNPDEFVGLM,11
dbAMP_01490,EPRTPWDWV,9
dbAMP_01519,EQPGGDKVNLGYFTN,15
dbAMP_01547,ESVFSKIGNAVGPAAYWILKGLGNMSDVNQADRINRKKH,39
dbAMP_01555,ETFAKKALKALEKLLKKG,18
dbAMP_01581,EYHLMNGANGYLTRVNGKTVYRVTKDPVSAVFGVISNCWGSAGAGFGPQH,50
dbAMP_01582,EYHLMNGANGYLTRVNGKYVYRVTKDPVSAVFGVISNGWGSAGAGFGPQH,50
dbAMP_01585,FAEPLPSEEEGESYSKEVPEMEKRYGGFM,29
dbAMP_01596,FALLGDFFRKSKEKIGKEFKRIVQRIKDFLRNLVPRTES,39
dbAMP_01598,FASLLGKALKALLAKLAKQ,19
dbAMP_01608,FCKSLPLPLSVK,12
dbAMP_01611,FCTMIPIPRCY,11
dbAMP_01628,FEKILSLALIGKFGLVVTNFGTKVDAATRSYGNGVYCNNSKCWVNWGEAKENIAGIVISGWASGLAGIGH,70
dbAMP_01648,FFGKVLKLIRKIF,13
dbAMP_01701,FFPIVGKRLYGLL,13
dbAMP_01716,FFPVIGRILNGIL,13
dbAMP_01719,FFRLLFHGVHHGGGYLNAA,19
dbAMP_01746,FGTTHSGKYYGNGVYCTKIKCTVDWAKATTCIAGMSIGGFLGGAIPGKVQ,50
dbAMP_01761,FIGAIANLLSKIF,13
dbAMP_01836,FKKKKRNIGTFVFFAIALFCTVMFAYLLLTNQYVPIDYNVPRYA,44
dbAMP_01840,FKRIVQRIKDFLR,13
dbAMP_01842,FKRIVQRIKDFLX,13
dbAMP_01845,FKSWSFCTPGCAKTGSFNSYCC,22
dbAMP_01846,FKSWSLCTPGCARTGSFNSYCC,22
dbAMP_01851,FLAGLIGGLAKML,13
dbAMP_01905,FLGGILNTLTGLL,13
dbAMP_01948,FLGVVFKLASKVFPAVFGKV,20
dbAMP_01954,FLIIRRPIVLGLL,13
dbAMP_01994,FLPFFASLLGKLL,13
dbAMP_02005,FLPFLATLLSKVL,13
dbAMP_02007,FLPFLKSILGKIL,13
dbAMP_02009,FLPFVGNLLKGLL,13
dbAMP_02037,FLPIIAKVLSGLL,13
dbAMP_02099,FLPLIGKILGTIL,13
dbAMP_02100,FLPLIGKILGTILGK,15
dbAMP_02102,FLPLIGRVLSGIL,13
dbAMP_02105,FLPLILRKIVTAL,13
dbAMP_02121,FLPLLASLFSRLF,13
dbAMP_02129,FLPLLLAGLPLKLCFLFKKC,20
dbAMP_02135,FLPLVRVAAKLIPSVVCAISKRC,23
dbAMP_02136,FLPLVTGLLSGLL,13
dbAMP_02137,FLPLVTMLLGKLF,13
dbAMP_02151,FLPPSPWKETFRTS,14
dbAMP_02257,FNRGGYNFGKSVRHVVDAIGSVAGILKSIR,30
dbAMP_02281,FPPPGESAVDMSFFYALSNP,20
dbAMP_02334,FTALGTNVEAATYYGNGVYCNKQKCWVNWGQAWSEGVKRWGDNLFGSFSGGRI,53
dbAMP_02356,FTPSVSFSQNGGVVEAAAQRGYIYKKYPKGAKVPNKVKMLVNIRGKQTMRTCYLMSWTASSRTAKYYYYI,70
dbAMP_02383,FVPAILCSILKTC,13
dbAMP_02392,FVYGNGVTSILVQAQFLVNGQRRFFYTPDK,30
dbAMP_02409,GAARKSIRLHRLYTWKATIYTR,22
dbAMP_02430,GALWGAPAGGVGALPGAFVGAHVGAIAGGFACMGGMIGNKFN,42
dbAMP_02438,GATAIKQVKKLFKKWGW,17
dbAMP_02440,GAWKNFWSSLRKGFYDGEAGRAIRR,25
dbAMP_02464,GDGTGPGPGP,10
dbAMP_02471,GDVNWVDVGKTVATNGAGVIGGAFGAGLCGPVCAGAFAVGSSAAVAALYDAAGNSNSAKQKPEGLPPEAWNYAEGRMCNWSPNNLSDVCL,90
dbAMP_02491,GETDPNTQLLNDLGNNMAWGAALGAPGGLGSAALGAAGGALQTVGQGLIDHGPVNVFIPVLIGPSWNGSGSGYNSATSSSGSGS,84
dbAMP_02492,GETDPNTQLLNDLGNNMAWGAALGAPGGLGSAALGAAGGALQTVGQGLIDHGPVNVPIPVLIGPSWNGSGSGYNSATSSS,80
dbAMP_02493,GETDPNTQLLNDLGNNMAWGAALGAPGGLGSAALGAAGGALQTVGQGLIDHGPVNVPIPVLIGPSWNGSGSGYNSATSSSGSGS,84
dbAMP_02575,GFGCPWNAYECDRHCVSKGYTGGNCRGKIRQTCHCY,36
dbAMP_02595,GFGSLGKALRLGANVL,16
dbAMP_02677,GFMDTARERCKEPVMQRIAICRYLTQKKN,29
dbAMP_02699,GFTALGTNVEAATRSYGNGVYCNKQKCWVNWNEAKQQIAGIVIGGWASSLASMGR,55
dbAMP_02700,GFTALGTNVEAATYYGNGVYCNKQKCWVDWSRARSEIIDRGVKAYVNGFTKVLGGIGGR,59
dbAMP_02716,GGAGHVPEYF,10
dbAMP_02717,GGAGHVPEYFVGIGTPISFYG,21
dbAMP_02719,GGAPATSANAAGAAAIVGALAGIPGGPLGVVVGAVSAGLTTAIGSTVGSGSASSSAGGGS,60
dbAMP_02720,GGAPATSANAAGAAAIVGALAGIPGGPLGVVVGAVSAGLTTGIGSTVGSGSASSSAGGGS,60
dbAMP_02728,GGGVIQTISHECRMNSWQFLFTCCS,25
dbAMP_02774,GHHHHHHIEGRLGKFSQTCYNSAIQGSVLTSTCERTNGGYNTSSIDLNSVIENVDGSLKWQPSNFIETCRNTQLAGSSELAAECKTRAQQFVSTKINLDDHIANIDGTLKYEGGSGGGGSGGLGKFSQTCYNSAIQGSVLTSTCERTNGGYNTSSIDLNSVIENVDGSLKWQPSNFIETCRNTQLAGSSELAAECKTRAQQFVSTKINLDDHIANIDGTLKYE,223
dbAMP_02899,GIGFTALGTNVEAATYYGNGLYCNKQKCWVDWNKASREIGKIIVNGWVQHGPWAPR,56
dbAMP_02957,GIGKFLKKAKKFGKAFVKILKK,22
dbAMP_02960,GIGKHVGKALKGLKGLLKGLGES,23
dbAMP_03222,GKNGVFKTISHECHLNTWAFLATCCS,26
dbAMP_03243,GKWMSLLKHILK,12
dbAMP_03435,GLGDILGLLGL,11
dbAMP_03437,GLGKAQCAALWLQCASGGTIGCGGGAVACQNYRQFCR,37
dbAMP_03485,GLKKLLGKLLKKLGKLLLK,19
dbAMP_03566,GLLKRIKTLL,10
dbAMP_03769,GLSQGVEPDIGQTYFEESRINQD,23
dbAMP_03879,GMLKWKNDFFHFLQVWLLISCQNYFVK,27
dbAMP_03884,GMSGYIQGIPDFLKGYLHGISAANKHKKGRL,31
dbAMP_03885,GMSGYIQGIPDFLKGYLHGISAANKHKKGRLGY,33
dbAMP_03893,GNAACVIGCIGSCVISEGIGSLVGTAFTLG,30
dbAMP_03894,GNANSNYEGGGSRSRNTGARNSLGRNAPTHIYSDPSTVKCANAVFSGMVGGAIKGGPVGMTRGTIGGAVIGQCLSGGGNGNGGGNRAGSSNCSGSNVGGTCSR,103
dbAMP_03897,GNGVIKTISHECHMNTWQFIFTCCS,25
dbAMP_03899,GNGVLKTISHECNMNTWQFLF,21
dbAMP_03900,GNGVLKTISHECNMNTWQFLFTCC,24
dbAMP_03907,GNPKVAHCASQIGRSTAWGAVSGA,24
dbAMP_03958,GPVGLLSSPGSLPPVGGAP,19
dbAMP_03979,GRFKRFRKPFKKLFKKIS,18
dbAMP_04052,GSEIQPR,7
dbAMP_04054,GSFTMDDISPSELKTILHSKRANLYYLQHCRVLVNGGRVEYVTDEGRHSHYWNIPIANTTSLLLGTGTSITQAAMRELARAGVLVGFCGGGGTPLFSANEVDVEVSWLTPQSEYRPTEYLQRWVGFWFDEEKRLVAARHFQRARLERIRHSWLEDRVLRDAGFAVDATALAVAVEDSARALEQAPNHEHLLTEEARLSKRLFKLAAQATRYGEFVRAKRGSGGDPANRFLDHGNYLAYGLAATATWVLGIPHGLA,255
dbAMP_04057,GSGPTYCWNEANNPGGPNRCSNNKQCDGARTCSSSGFCQGTSRKPDPGPKGPTYCWDEAKNPGGPNRCSNSKQCDGARTCSSSGFCQGTAGHAAA,95
dbAMP_04059,GSGVIPTISHECHMNSFQFVFTCCS,25
dbAMP_04096,GSQLVYREWVGHSNVIKGPP,20
dbAMP_04097,GSQLVYREWVGHSNVIKP,18
dbAMP_04099,GSRYLCTPGSCWKLVCFTTTVK,22
dbAMP_04175,GTPGFQTPDARVISRFGFN,19
dbAMP_04191,GTWDDIGQGIGRVAYWVGKALGNLSDVNQASRINRKKKH,39
dbAMP_04192,GTWDDIGQGIGRVAYWVGKAMGNMSDVNQASRINRKKKH,39
dbAMP_04206,GVCRCLCRRGVCRCLCRR,18
dbAMP_04240,GVIKSVLKGVAKTVALGML,19
dbAMP_04312,GVYCTKNKCTVDRAKATTCIAGMSIGGFLGGAIPG,35
dbAMP_04374,GWLKKIGKKIERVGQHTRDATIQTIGVAQQAANVAATLKG,40
dbAMP_04388,GWLRKLGAVLKVLTT,15
dbAMP_04402,GWVACVGACGTVCLASGGVGTEFAAASYFL,30
dbAMP_04520,HSGKYYGNGVYCTKNKCTVDWAKATTCIAGMSIGGFLGGAIPG,43
dbAMP_04536,IAIQGGXGYLXQPGDGYKYA,20
dbAMP_04539,IAPIIVAGLGYLVKDAWDHSDQIISGFKKGWNGGRRK,37
dbAMP_04540,IASASCTTCICTCSCSS,17
dbAMP_04541,IASKFICTPGCAKTGSFNSYCC,22
dbAMP_04542,IASKFLCTPGCAKTGSFNSYCC,22
dbAMP_04562,IDWLKLGKMVIDAL,14
dbAMP_04572,IFGAIAGLLKNIF,13
dbAMP_04593,IGCGGGAVACQNYRQFCR,18
dbAMP_04667,IKLSPETKDNLKKVLKGAIKGAIAVAKMV,29
dbAMP_04668,IKLVQSPNGNFAASFVLDGTKWIFKSKYYDSSKGYWVGIYE,41
dbAMP_04687,ILFSYLLFYVLKENSKREDKYQNIIEELTELLPKIKEDVEDIKEKLNK,48
dbAMP_04689,ILGAILPLVSGLLSNKL,17
dbAMP_04690,ILGAILPLVSGLLSSKL,17
dbAMP_04702,ILGKILKGIKKLF,13
dbAMP_04704,ILGKIWEGIKSLF,13
dbAMP_04739,ILKKWPW,7
dbAMP_04770,ILPWKWPWWPWRX,13
dbAMP_04775,ILSAIWSGIKSLF,13
dbAMP_04789,INLKAIAAMAKKLL,14
dbAMP_04799,INMKASAAVAKKLL,14
dbAMP_04876,ISLEICAIFHDN,12
dbAMP_04877,ISLEICXIFHDN,12
dbAMP_04882,ISVCITVC,8
dbAMP_04885,ITAISLCTPGCKTGALMGCNMKTATCNCSIHVSK,34
dbAMP_04901,ITPATPFTPAIITEITAAVIA,21
dbAMP_04902,ITPATPFTPAITEITAAVIA,20
dbAMP_04903,ITSFIGCTPGCGKTGSFNSFCC,22
dbAMP_04906,ITSISLCTPGCKTGALMGCNMKTATCHCSIHVSK,34
dbAMP_04907,ITSISLCTPGCKTGALMGCNMKTATCNCSIHVSK,34
dbAMP_04908,ITSISLCTPGCKTGALMGCNMKTATCNCSVHVSK,34
dbAMP_04909,ITSISLCTPGCKTGVLMGCNLKTATCNCSVHVSK,34
dbAMP_04910,ITSKSLCTPGCKTGILMTCPLKTATCGCHFG,31
dbAMP_04911,ITSVSWCTPGCTSEGGGSGCSHCC,24
dbAMP_04925,IWDAIFHGAKHFLHRLVNPGGKDAVKDVQQKQ,32
dbAMP_04934,IYEPEIA,7
dbAMP_04935,IYFIADKMGIQLAPAWYQDIVNWVSAGGTLTTGFAIIVGVTVPAWIAEAAAAFGIASA,58
dbAMP_04936,IYWIADQFGIHLATGTARKLLDAMASGASLGTAFAAILGVTLPAWALAAAGALGATA,57
dbAMP_04937,IYWIADQFGIHLATGTARKLLDAMASGASLGTAFAAILGVTLPAWALAAAGALGATAA,58
dbAMP_04938,IYWIADQFGIHLATGTARKLLDAVASGASLGTAFAAILGVTLPAWALAAAGALGATAA,58
dbAMP_04939,IYWNVSGW,8
dbAMP_04963,KCKWWNISCDLGNNGHVCTLSHECQVSCN,29
dbAMP_04993,KFDSLVECIWDWIDRLWS,18
dbAMP_05025,KGFKDYGHDYHPAPKTENIKGLGDLKPGIPKTPKQNGGGKRKRWTGDKGRKIYEWDSQAGELEGYRASDGQHLGSFDPKTGNQLKGPDPKRNIKKYL,97
dbAMP_05028,KGGSGVIHTISHECNMNSWQFVFTCCS,27
dbAMP_05029,KGGSGVIHTISHEVIYNSWNFVFTCCS,27
dbAMP_05032,KGILGKLGVVQAGVDFVSGVWAGIKQSAKDHPNA,34
dbAMP_05033,KGKGFWSWASKATSWLTGPQQPGSPLLKKHR,31
dbAMP_05035,KGLKKLLKLLKKLLKL,16
dbAMP_05036,KGLRRDLDASREAKKQLEAEQQKLEEQNKISEASRKGLRRDLDASREAKKQVEKAX,56
dbAMP_05051,KGRGKQGGKVRAKAKTRSS,19
dbAMP_05124,KKKKPLFGLFFGLF,14
dbAMP_05125,KKKKQSWYAAAGDAIVSFGEGFLN,24
dbAMP_05128,KKKSGVIPTVSHDCHMNSFQFVFTCCS,27
dbAMP_05139,KKLLKWLKKLL,11
dbAMP_05145,KKSGVIPTVSHDCHMNTFQFMFTCCS,26
dbAMP_05153,KKWGWLAWVDPAYEFIKGFGKGAIKEGNKDKWKNI,35
dbAMP_05154,KKWGWLAWVEPAGEFLKGFGKGAIKEGNKDKWKNI,35
dbAMP_05155,KKWKKFIKKIGIGAVLTTPGAKK,23
dbAMP_05164,KLAKLAKKLAKLAK,14
dbAMP_05191,KLTFIQSTAAGDLYYNTNTHKYVYQQTQNAFGAAANTIVNGWMGGAAGGFGLHH,54
dbAMP_05211,KNYGNGVHCTKKGCSVDWGYAWANIANNSVMNGLTGGNAGWHN,43
dbAMP_05212,KNYGNGVHCTKKGCSVDWGYAWTNIANNSVMNGLTGGNAGWHN,43
dbAMP_05213,KNYGNGVYCNKHKCSVDWATFSANIANNSVAMAGLTGGNAGNK,43
dbAMP_05214,KPAWCWYTLAMCGAGYDSGTCDYMYSHCFGIKHHSSGSSSYHC,43
dbAMP_05215,KPAWCWYTLAMCGAGYDSGTCDYMYSHCFGVKHSSGGGGSYHC,43
dbAMP_05248,KQQLATEAESAGPIL,15
dbAMP_05273,KRGPNCVGNFLGGLFAGAAAGVPLGPAGIVGGANLGMVGGALTCL,45
dbAMP_05274,KRGSGWIATITDDCPNSVFVCC,22
dbAMP_05285,KRKCPKTPFDNTPGAWFAHLILGC,24
dbAMP_05297,KRSFTEYTQVIETVSKNKVFLEQLLLANPKLYDVMQKYNAGLLKKKRVKKLFESIYKYYKRSYLRS,66
dbAMP_05298,KRSFTEYTQVIETVSKNKVFLEQLLLANPKLYDVMQKYNAGLLKKKRVKKLFESIYKYYKRSYLRSTPFGLFSETSIGVFSKSSQYKLMGKTTKGIRLDTQWLIRLVHKMEVDFSKKLSFTRNNANYKFGDRVFQVYT,138
dbAMP_05363,KSSAYSLQMGATAIKQVKKLFKKWGW,26
dbAMP_05368,KSWSLCTPGCARTGSFNSYCC,21
dbAMP_05369,KSYGNGVHCNKKKCWVDWGSAISTIGNNSAANWATGGAAGWKS,43
dbAMP_05370,KSYGNGVQCNKKKCWVDWGSAISTIGNNSAANWATGGAAGWKS,43
dbAMP_05373,KTCENLADDY,10
dbAMP_05392,KTHYPTNAWKSLWKGFWESLRYTDGF,26
dbAMP_05403,KTVNYGNGLYCNQKKCWVNWSETATTIVNNSIMNGLTGGNAGWHSGGRA,49
dbAMP_05405,KTYYGTNGVHCTKKSLWGKVRLKNVIPGTLCRKQSLPIKQDLKILLGWATGAFGKTFH,58
dbAMP_05435,KVFLGLK,7
dbAMP_05452,KVSGGEAVAAIGICATASAAIGGLAGATLVTPYCVGTWGLIRSH,44
dbAMP_05492,KWKLFKKGAVLKVLT,15
dbAMP_05493,KWKLFKKGIGAVLKV,15
dbAMP_05521,KWKLFKKPKFLHLAKKF,17
dbAMP_05554,KYYGNGLSCNKSGCSVDWSKAISIIGNNAVANLTTGGAAGWKS,43
dbAMP_05555,KYYGNGLSCSKKGCTVNWGQAFSCGVNRVATAGHGK,36
dbAMP_05556,KYYGNGLSCSKKGCTVNWGQAFSCGVNRVATAGHHKC,37
dbAMP_05557,KYYGNGVHCGKHSCTVDW,18
dbAMP_05558,KYYGNGVHCGKHSCTVDWGTAIGCIGNNAAANWATGGNAGWNKC,44
dbAMP_05559,KYYGNGVHCGKHSCTVDWGTAIGNIGNNAAANWATGGNAGWNK,43
dbAMP_05560,KYYGNGVHCGKKTCYVDWGQATASIGKIIVNGWTQHGPWAHR,42
dbAMP_05561,KYYGNGVHCTKSGCSVNWGEAASAGIHRLANGGNGF,36
dbAMP_05562,KYYGNGVHCTKSGCSVNWGEAASAGIHRLANGGNGFW,37
dbAMP_05563,KYYGNGVHCTKSGCSVNWGEAFSAGVHRLANGGNGFW,37
dbAMP_05564,KYYGNGVHLTKSGLSVNWGEAFSAGVHRLANGGNGFW,37
dbAMP_05565,KYYGNGVHSTKSGSSVNWGEAFSAGVHRLANGGNGFW,37
dbAMP_05566,KYYGNGVHXGKHSXTVDWGTAIGNIGNNAAANXATGXNAGG,41
dbAMP_05567,KYYGNGVSCNKKGCSVDWGKAIGIIGNNAAANLTTGGKAAWAC,43
dbAMP_05568,KYYGNGVSCNKKGCSVDWGKAIGIIGNNSAANLATGGAAGWKS,43
dbAMP_05569,KYYGNGVSCNKKGCSVDWGKAIGIIGNNSAANLATGGAAGWSK,43
dbAMP_05570,KYYGNGVSCNKNGCTVDWSKAIGIIGNNAAANLTTGGAAGWNKG,44
dbAMP_05571,KYYGNGVSCNSHGCSVNWGQAWTCGVNHLANGGHGVC,37
dbAMP_05572,KYYGNGVTCGKHSCSVDWGKATTCIINNGAMAWATGGHQGNHKC,44
dbAMP_05573,KYYGNGVTCGKHSCSVDWGKATTCIINNGAMAWATGGHQGTHKC,44
dbAMP_05574,KYYGNGVTCGKHSCSVDWGKATTCIINNGAMAXATGGHQGNHKX,44
dbAMP_05575,KYYGNGVTCGKHSCSVDXGKATTCIINNGAMAXATGGHQGNHKC,44
dbAMP_05576,KYYGNGVTCGKHSCSVNWGQAFSCSVSHLANFGHGKC,37
dbAMP_05577,KYYGNGVTCGLHDCRVDRGKATCGIINNGGMWGDIG,36
dbAMP_05593,LAGYTGIASGTAKKVVDAIDKGAAAFVIISIISTVISAGALGAVSASADFIILTVKNYISRNLKAQAVIW,70
dbAMP_05605,LALIGKLGLVVTNFGTKVDAATRSYDNGIYCNNSKCWFNWGEAKENIAGIVISGWASGLAGMGH,64
dbAMP_05647,LE,2
dbAMP_05741,LGKFSQTCYNSAIQGSVLTSTCERTNGGYNTSSIDLNSVIAAVDGSLKWPSNFIEACRNTQLAGSSELAAECKTAAGQFVSTKINLDDHIANIDGTLKYE,100
dbAMP_05742,LGKFSQTCYNSAIQGSVLTSTCERTNGGYNTSSIDLNSVIAAVDGSLKWQGSNFIEACRNTQLAGSSELAAECKTAAGQFVSTKINLDDHIANIDGTLKYE,101
dbAMP_05743,LGKFSQTCYNSAIQGSVLTSTCERTNGGYNTSSIDLNSVIENVDGSLKWQPSNFIETCRNTQLAGSSELAAECKTRAQQFVSTKINLDDHIANIDGTLKYE,101
dbAMP_05744,LGKFSQTCYNSAIQGSVLTSTCERTNGGYNTSSIDLNSVIENVDGSLKWQSPNFIETCRNTQLAGSSELAAECKTRAQQFVSTKINLDDHIANIDGTLKYE,101
dbAMP_05748,LGNFSQACYNSAIQGSVLTSTCIRTNGGYNTSSIDLNSVIENVDGSLKWQGSNFIETCRNTQLAGSSELAAECKTRAQQFVSTKINLDDHIAAIDGTLKYELEHHHHHH,109
dbAMP_05768,LIDHLGAPRWAVDTILGAIAVGNLASWVLALVPGPGWAVKAGLATAAAIVKHQGKAAAAAW,61
dbAMP_05820,LLDVLLE,7
dbAMP_05857,LLKKLLRAASKALSLL,16
dbAMP_05858,LLLE,4
dbAMP_05865,LLPIVDNLLDGLL,13
dbAMP_05869,LLPIVGNLLNSLL,13
dbAMP_05934,LPLPAPSFHRTT,12
dbAMP_05989,LRDLVCYCRSRGCKGRERMNGTCRKGHLLYTLCCR,35
dbAMP_06011,LRPAVIRPKGK,11
dbAMP_06016,LRRIIRKIIHIIK,13
dbAMP_06027,LSCDEGMLAVGGLGAVGGPWGAAVGVLVGAALYCF,35
dbAMP_06033,LSKKLICYCRIRGCKRRERVFGTCRNLFLTFVFCCS,36
dbAMP_06039,LSPNLLKSLL,10
dbAMP_06043,LSSALSALSSALSSK,15
dbAMP_06066,LTTKLWSSWGYYLGKKARWNLKHPYVQF,28
dbAMP_06069,LVATGMAAGVAKTIVNAVSAGMDIATALSLFSGAFTAAGGIMALIKKYAQKKLWKQLIAA,60
dbAMP_06070,LVAYGIAQGTAEKVVSLINAGLTVGSIISILGGVTVGLSGVFTAVKAAIAKQGIKKAIQL,60
dbAMP_06081,LVNQLGISKSLANTILGAIAVGNLASWVLALVPGPGWATKAALATAETIVKHEGKAAAIAW,61
dbAMP_06092,LWQHSCSVDWGKATTCIINNGAMAWATGGHQGNHK,35
dbAMP_06096,LYKLVKVVLNM,11
dbAMP_06132,MAADIISTIGDLVKLIINTVKKFQK,25
dbAMP_06133,MAAFMKLIQFLATKGQKYVSLAWKHKGTILKWINAGQSFEWIYKQIKKLWA,51
dbAMP_06150,MAATHEHSAQWLNNYKKGYGYGPYPLGINGGMHYGVDFFMNIGTPVKAISSGKIVEAGWSNYGGGNQIGLIENDGVHRQWYMHLSKYNVKVGDYVKAGQIIGWSGSTGYSTAPHLHFQRMVNSFSNSTAQDPMPFLKSAG,140
dbAMP_06151,MAATHEHSAQWLNNYKKGYGYGPYPLGINGGMHYGVDFFMNIGTPVKAISSGKIVEAGWSNYGGGNQIGLIENDGVHRQWYMHLSKYNVKVGDYVKAGQIIGWSGSTGYSTAPHLHFQRMVNSFSNSTAQDPMPFLKSAGYGKAGGTVTPTPNTGWKTNKYGTLYKSESASFTPNTDIITRTTGPFRSMPQS,192
dbAMP_06215,MAGFLKVVQLLAKYGSKAVQWAWANKGKILDWLNAGQAIDWVVSKIKQILGIK,53
dbAMP_06224,MAGRTRIPFNGVGTSVLPAYQTLSAGQYLLSPNQRFKLLLQGDGNLVIQDNGATVWVANEQQPFSSTIPLRNKKAPLAFYVQYGAFLDDYSRRRVWLTDNSTFTSNDQWNRTHLVLQDDGNIVLVDSLALWNGTPAIPLVPGAIDSLLLAPGSELVQGVVYGAGASKLVFQGDGNLVAYGPNGAATWNAGTQ,192
dbAMP_06225,MAGRTRIPFNGVGTSVLPAYQTLSAGQYLLSPNQRFKLLLQGDGNLVIQDNGATVWVANEQQPFSSTIPLRNKKAPLAFYVQYGAFLDDYSRRRVWLTDNSTFTSNDQWNRTHLVLQDDGNIVLVDSLALWNGTPAIPLVPGAIDSLLLAPGSELVQGVVYGAGASKLVFQGDGNLVAYGPNGAATWNAGTQGKGAVRAVFQGDGNLVVYGAGNAVLWHSHTGGHASAVLRLQANGSIAILDEKPVWARFGFQPT,255
dbAMP_06256,MAKEFGIPAAVAGTVINVVEAGGWVTTIVSILTAVGSGGLSLLAAAGRESIKAYLKKEIKKKGKRAVIAW,70
dbAMP_06257,MAKEFGIPAAVAGTVINVVVAGGWVTTIVSILTAVGSGGLSLLAAAGRESIKAYLKKEIKKKGKRAVIAW,70
dbAMP_06258,MAKEFGIPAAVAGTVLNVVEAGGWVTTIVSILTAVGSGGLSLLAAAGRESIKAYLKKEIKKKGKRAVIAW,70
dbAMP_06259,MAKELSGYGPTAGESMGGTGANLNQQGGNNNSNSGVHWGGGSGHGNNGGQGNSNSSGSTSTVMKTGESYLTPWGDVVINNDGLPVMNGIVMTEENSTLVDNPFGGVSRVLNSLISDMPSLFAESSGNNNNNTASVNTAPTNAQVSDMDKSSKVVSNVINEKQKQKNKIATQISEKQKKIEEMKKVFKHHSYHGITDLERDVDELQKKSNQLDADISKLNSYKNTLQSKIGDVNKQKEAEEKARENAEVAEHETLN,255
dbAMP_06271,MAKFDDFDLDIVVKKQDDVVQPNVTSKSLCTPGCITGVLMCLTQNSCVSCNSCIRC,56
dbAMP_06272,MAKFDDFDLDVMKTAAEDGGVQPRITSKSLCTPGCVTGILMTMVKNHHLAKSITDASWYELTRQLEYKVKWNGRQYVKIDTFYASSQLCSVCGYQNEEIKNLTVREWICPVCGAKHDRDVNAAKNILAEGLRQIA,135
dbAMP_06281,MAKLDDFDLDIVVKKQDNIVQPNITSKSLCTPGCITGILMCLTQNSCVSCNSCIRC,56
dbAMP_06286,MAKQQMNLVEIEAMNSLQELTLEELDNVLGAGGGVIQTISHECRMNSWQFLFTCCS,56
dbAMP_06339,MALSVHPSIGVARLGNANTDNFVLNPMEIGGLPYEHDVDLKPTTTVVNFKDEAGCIRRQGQVFKVFGASNEELTLDSPNVKNIEWTVHLANKKAAWYEFRELNGNLLYGRDNSYSARGVPWRNASKTASSERQSLIIDLGPRSVSGVMATVEISINNIPETYLHPSYPSGELLQGSKHFESLGTLRTDSQGRLIVLGGYGFAGGNTDLSGYGGGDDWYDDISDGSVTCVVTYSDDSSETSTAWMVVGSPDFAPEI,255
dbAMP_06361,MANIIGGKYYGNGVTCGKHSCSVDWGKATTCIINNGAMAWATGGHQGNHKCEQFIKLGLLRGEFLF,66
dbAMP_06404,MARPIADLIHFNSTTVTASGDVYYGPGGGTGIGPIARPIEHGLDSSTENGWQEFESYADVGVDPRRYVPLQVKEKRREIELQFRDAEKKLEASVQAELDKADAALGPAKNLAPLDVINRSLTIVGNALQQKNQKLLLNQKKITSLGAKNFLTRTAEEIGEQAVREGNINGPEAYMRFLDREMEGLTAAYNVKLFTEAISSLQIRMNTLTAAKASIEAAAANKAREQAAAEAKRKAEEQARQQAAIRAANTYAMPA,255
dbAMP_06469,MASQEPAAPAAEATPAGEAPASEAPAAEAAPADAAEAPAAGNCAATVESNDNMQFNTKDIQVSKACKEFTITLKHTGTQPKASMGHNLVIAKAEDMDGVFKDGVGAADTDYVKPDDARVVAHTKLIGGGEESSLTLDPAKLADGDYKFACTFPGHGALMNGKVTLVD,167
dbAMP_06486,MASSLAPRQVIRDGQFITSPNGKYKLVMQADGNLVLYEDGTKPIWNTTPVGPGAKAVMEFNLNLYNKAGQVAWSSNVYTAYLFEEFKDEAYLNLQDDGDFGIFSDEAKWGSIVLSRPEVGVKNKIIPTGTVMVPGTEYINGNYRLAFQGDGNLVIYQINPQVVIWATYTMGADRAVVQEDGNFVIYKGTTALWHTHTATGMPAYLKFTNTGKLFLSQPTLLWTLKRGSLSKPPKVIPGQHGPLDTTPIWSWPHDY,255
dbAMP_06507,MASYKVNIPAGPLWSNAEAQQVGPKIAAAHQGNFTGQWTTVVESAMSVVEVELQVENTGIHEFKTDVLAGPLWSNDEAQKLGPQIAASYGAEFTGQWRTIVEGVMSVIQIKYTF,114
dbAMP_06533,MATQTIENFNTLDFETLASVEGGKVIYYGNGLYCKSNGGCWVDWSQTINSILTNSAMNWGTQGHAGWHTGGVAP,74
dbAMP_06615,MDILRRENAQFPASIWSAIEKEAGLVFGKHLTGRKVVDFKGGLGIGFSSLPTGRVISSKEKLGEASVGVRMNTPVIELKIPFSFPESEVEAILREANAFDISSIEKAAKKVCVAENELVFYGLKKEGIEGLIPSIPHKPIKAKGDEILPAVAEGIKELVNSEIEGPYALLIQPQYFGKLFGVAGNSGYPLTLKLAELLQGNNIIVAPALKSGALLVSLRGGDYELYSGMDIGVGYSEKKSTNHELFFFETLTFRI,255
dbAMP_06622,MDKLRKYPDSPLTTEEWNQLDATVVDMARRQLVGRRFIDIYGPLGEGIQTITNDVYEESRFGGLSLRGESLEMTQPSRRVSMTIPILYKDFMLYWRDVAQARTLGMPLDMSAAANAAAGGALMEDDLIFNGAAEFDLPGLMNVKGRLTHLKSDWMESGNAFADIVEARNKLLKMGHSGPYALVVSPELYSLLHRVHKGTNVLEIEHVRNLVTDGVFQSPTIKGRSGVLVATGRHNLDLAIAEDFDSAFLGDEQMN,255
dbAMP_06631,MDLISVSKKDSGVSPRITSISLCTPGCKTGALMGCNMKTATCNCSIHVSK,50
dbAMP_06632,MDLLKRELAPILPAAWDLIDHEATRVLKLHLAGRKVVDFRGPFGWEVAAVNTGRLRAIERKEGPAVSAGVRLVRPLVEFRAPIRLELAELDAVGRGAQEPNIEDVVRAAEHAARFEDGAIFNGLAAAGIEGILEVAPHKPVVIPAPEAWPRAVAEAREVLRAAGVDGPYALALGPKAYDELAAAAEDGYPLRKHIEGQLIDGPIVWAPALEGGVLLSTRGGDFELTVGEDLSIGYDGHDRQVVELFLTESFTF,253
dbAMP_06639,MDNLHRKLAPISDAAWAQIEDEAARTLKRYLGARRVVDVHGPEGFGLSAVGTGHLRPATALAEGVESHRREVNPLLELRVPFTLTRAAIDDVARGSNDSDWQPLKDAARKIALAEDRLVFLGHGDAGIRGILPETSNPIVALPANVADYPEAVASAVSELRLAGVNGPYALILGTTAFTAANGGAEDGYPVLKHLERLVDVPVVWSQALEGGAVVTTRGGDFDLWLGQDISIGYLSHDAASVTLYLQESLTFQMQ,255
dbAMP_06640,MDNLNKFKKLSDNKLQATIGGGMSGYIQGIPDFLKGYLHGISAANKHKKGRLGY,54
dbAMP_06682,MEAIKKLDLQAMKGIVGGKYYGNGLSCNKSGCSVDWSKAISIIGNNAVANLTTGGAAGWKS,61
dbAMP_06696,MEFLKRSFAPLTEKQWQEIDNRAREIFKTQLYGRKFVDVEGPYGWEYAAHPLGEVEVLSDENEVVKWGLRKSLPLIELRATFTLDLWELDNLERGKPNVDLSSLEETVRKVAEFEDEVIFRGCEKSGVKGLLSFEERKIECGSTPKDLLEAIVRALSIFSKDGIEGPYTLVINTDRWINFLKEEAGHYPLEKRVEECLRGGKIITTPRIEDALVVSERGGDFKLILGQDLSIGYEDREKDAVRLFITETFTFQVV,255
dbAMP_06698,MEFLKRSFAPLTEKQWQEIDNRAREIFKTQLYGRKFVDVEGPYGWEYAAHPLGEVEVLSDENEVVKWGLRKSLPLIELRATFTLDLWELDNLERGKPNVDLSSLEETVRKVAEFEDEVIFRGCEKSGVKGLLSFEERKIECGSTPKDLLEAIVRALSIFSKDGIEGPYTLVINTDRWVSFLKEEAGHYPLEKRVEECLRGGKIITTPRIEDALVVSERGGDFKLILGQDLSIGYEDREKDAVRLFITETFTFQVV,255
dbAMP_06717,MEGLFNAIKDTVTAAINNDGAKLGTSIVSIVENGVGLLGKLFGF,44
dbAMP_06735,MEKETTIIESIQEVSLEELDQIIGAGKNGVFKTISHECHLNTWAFLATCCS,51
dbAMP_06736,MEKFIELSLKEVTAITGGKYYGNGVHCGKHSCTVDWGTAIGNIGNNAAANWATGGNAGWNK,61
dbAMP_06737,MEKFIELSLKEVTAITGGKYYGNGVHCGKYSCTVDWGTAIGNIGNNAAANWATGGNAGWNK,61
dbAMP_06738,MEKFTMLTDAEMEIISGGKYYGNGVSCDDNGCTVDWGKAWNCGVNRWAAAAATGGKGGDIGNC,63
dbAMP_06739,MEKIANAVKSAIEAGQNQDWTKLGTSILDIVSNGVTELSKIFGF,44
dbAMP_06745,MEKLNHNAVTSLNEVSDSELDTILGGSRWWQGVLPTVSHECRMNSFQHIFTCC,53
dbAMP_06750,MEKVLDLDVQVKGNNNTNDSAADERITSHFLCSFGCGKTGSFNSFCC,47
dbAMP_06752,MEKVLDLDVQVKGNNNTNDSAGDERLTSYSLCSFGCGKTGSFNSFCC,47
dbAMP_06754,MELKASEFGVVLSVDALKLSRQSPLGX,27
dbAMP_06755,MELKHSISDYTEAEFLEFVKKICRAEGATEEDDNKLVREFERLTEHPDGSDLIYYPRDDREDSPEGIVKEIKEWRAANGKSGFKQGLEHHHHHH,94
dbAMP_06756,MELKHSISDYTEAEFLQLVTTICDAEATSEEELDKLITHFEEMTEHPSGSDLIYWPKEGDDDSPSGIVNTVKQWRAANGKSGFKQG,86
dbAMP_06757,MELKNSISDYTEAEFVQLLKEIEKENVAATDDVLDVLLEHFVKITEHPDGTDLIYYPSDNRDDSPEGIVKEIKEWRAANGKPGFKQG,87
dbAMP_06769,MENKKKLTKADLAKVTGGSRYYGNGVTCGKHKCTVNWGQAWTCGVNRLANFGHGNC,56
dbAMP_06789,MESKRNKPGKATGKGKPVGDKWLDDAGKDSGAPIPDRIADKLRDKEFKSFDDFRKAVWEEVSKDPELSKNLNPSNKSSVSKGYSPFTPKNQQVGGRKVYELHHDKPISQGGEVYDMDNIRVTTPKRHIDIHRGK,134
dbAMP_06808,METLTVHAPSPSTNLPSYGNGAFSLSAPHVPGAGPLLVQVVYSFFQSPNMCLQALTQLEDYIKKHGASNPLTLQIISTNIGYFCNADRNLVLHPGISVYDAYHFAKAAPSQYDYRSMNMKQMSGNVTTPIVALAHYLWGNGAERSVNIANIGLKISPMKINQIKDIIKSGVVGTFPVSTKFTHATGDYNVITGAYLGNITLKTEGTLTISANGSWTYNGVVRSYDDKYDFNASTHRGIIGESLTRLGAMFSGKEY,255
dbAMP_06809,METLTVHAPSPSTNLPSYGNGAFSLSAPHVPGAGPLLVQVVYSFFQSPNMCLQALTQLEDYIKKHGASNPLTLQIISTNIGYFCNADRNLVLHPGISVYDAYHFAKPAPSQYDYRSMNMKQMSGNVTTPIVALAHYLWGNGAERSVNIANIGLKISPMKINQIKDIIKSGVVGTFAVSTKFTHATGDYNVITGAYLGNITLKTEGTLTISANGSWTYNGVVRSYDDKYDFNASTHRGIIGESLTRLGAMFSGKEY,255
dbAMP_06810,METLTVHAPSPSTNLPSYGNGAFSLSAPHVPGAGPLLVQVVYSFFQSPNMCLQALTQLEDYIKKHGASNPLTLQIISTNIGYFCNADRNLVLHPGISVYDAYHFAKPAPSQYDYRSMNMKQMSGNVTTPIVALAHYLWGNGAERSVNIANIGLKISPMKINQIKDIIKSGVVGTFPVSTKFTHATGDYNVITGAYLGNITLKTEGTLTISANGSWTYNGVVRSYDDKYDFNASTHRGIIGESLTRLGAMFSGKEY,255
dbAMP_06917,MFILLKEIITVMVGLITDFLSFQLDAYFYIWFLVLFISSLAATLVQRSEGTITYSTAECVGINVLVVVLYLVIGTILARYFASFEDQQIVAGDKIMLYKISFMLTSAVIIVDIILDRLKRGRKFSYSLEFLAGSAVCFLLFQLSNQTDWIGTKLSLSYIVMVAIAAGVYTMAMKFLLEYENHKEK,185
dbAMP_06922,MFKKVIIGTLATGIMLSGAGGVFAETPTDTGVKLKTIDNKKSFVKKKEKQDFPGYKSKGEIPTVKEWDGVTWYLKGATEVSKNSWTGHYEGWRTSNN,97
dbAMP_07374,MGAIAKLVAKFGWPFIKKFYKQIMQFIGQGWTIDQIEKWLKRH,43
dbAMP_07375,MGAIAKLVAKFGWPIVKKYYKQIMQFIGEGWAINKIIDWIKKHI,44
dbAMP_07376,MGAIAKLVAKFGWPIVKKYYKQIMQFIGEGWAINKIIEWIKKHI,44
dbAMP_07377,MGAIAKLVAKFGXXIVVKYYKQIMQFIGQGVTINXIPLIXF,41
dbAMP_07378,MGAIAKLVTKFGWPLIKKFYKQIMQFIGQGWTIDQIEKWLKRH,43
dbAMP_07404,MGKLDDFDLDVKVKADTTKVGPAITSKSLCTPGCITGVLMCITQNSCVSCKSCIKC,56
dbAMP_07419,MGLKLDLTWFDKSTEDFKGEEYSKDFGDDGSVMESLGVPFKDNVNNGCFDVIAEWVPLLQPYFNHQIDISDNEYFVSFDYRDGDW,85
dbAMP_07516,MHHHHHHHHKNTPDGKTIVSPEKFPGRSSTNHSIVVSGDPRFAGTIKITTSAVIDNRANLNYLLSHSGLDYKRNILNDRNPVVTEDVEGDKKIYNAEVAEWDKLRQRLLDARN,113
dbAMP_07519,MHHHHHHSMGKRNKPGKATGKGKPVNNKWLNNAGKDLGSPVPDRIANKLRDKEFKSFDDFRKKFWEEVSKDPELSKQFSRNNNDRMKVGKAPKTRTQDVSGKRTSFELHAEKPISQNGGVYDMDNISVVTPKRHIDIHRGK,141
dbAMP_07548,MILGIVLLSVSTLGITVDAATYYGNGVYCNKQKCWVDWNKASKEIGKIIVNGWVQHGPWAPR,62
dbAMP_07550,MINEKNLFDLDVQVTTASGDVDPQITSISACTPGCGNTGSFNSFCC,46
dbAMP_07551,MINEKNLFDLDVQVTTATGDVDPQITRISACTPGCGNTGSFNSFCC,46
dbAMP_07552,MINRTDCNENSYLEIHNNEGRDTLCFANAGTMPVAIYGVNWVESGNNVVTLQFQRNLSDPRLETITLQKWGSWNPGHIHEILSIRIY,87
dbAMP_07556,MISMISSHQKTLTDKELALISGGKTYYGTNGVHCTKKSLWGKVRLKNVIPGTLCRKQSLPIKQDLKILLGWATGAFGKTFH,81
dbAMP_07562,MITISTMLQFGLFLIALIGLVIKLIELSNKK,31
dbAMP_07608,MKASKEMTKNEMKSVIGGTYYGNGVSCGKTTCTVDWAAAGTCIAQISIGGFLGGAIPGKC,60
dbAMP_07795,MKDNYELMNTIQEVSLEELDQIIGAGKNGVFKTISHECHMNSWQFLFTCCS,51
dbAMP_07797,MKDVLVEITDAELDEILGAGDGVMHTLTHECHMNTWQFLLTCC,43
dbAMP_07848,MKFKKVLTGSALSLALLMSAAPAFAASPTASASAENSPISTKADAGINAIKLVQSPNGNFAASFVLDGTKWIFKSKYYDSSKGYWVGIYESVDK,94
dbAMP_07849,MKFKKVLTGSALSLALLMSAAPAFAASPTASASMENSPISTKADAGINAIKLVQSPNGNFAASFVLDGTKWIFKSKYYDSSKGYWVGIYESVDK,94
dbAMP_07850,MKFKKVLTGSALSLALLMSAAPAFAASPTASASVENSPISTKADAGINAIKLVQSPNGNFAASFVLDGTKWIFKSKYYDSSKGYWVGIYESVDK,94
dbAMP_07851,MKFKKVLTGSALSLALLMSAAPAFAASPTASVENSPISTKADAGINAIKLVQSPNGNFAASFVLDGTKWIFKSKYYDSSKGYWVGIYESVDK,92
dbAMP_07852,MKFKKVLTGSALSLALLMSAAPAFAASPTASVENSPISTKADAGINAIKLVQSPNGNFAASFVLDGTTWIFKSKYYDSSKGYWVGIYESVDK,92
dbAMP_07853,MKFKKVLTGSALSLALLMSAAPAFASSPTASSSVENTPISTKADAGINAVKLVQSPDGNFAASFVLNGTTWIFKSKTYDSGRGIWIGVYESVDK,94
dbAMP_07854,MKFKNVLTGSALSLALLMSAAPAFAASPTASASMENSPISTKADAGINAIKLVQSPNGNFAASFVLDGTKWIFKSKYYDSSKGYWVGIYESVDK,94
dbAMP_07906,MKHCVILGILGTCLAGIGTGIDVDAATYYGNGLYCNKEKCWVNWGQSWSEGLKRWGDNLFGSFSGGR,67
dbAMP_07911,MKHLKFCLLKRHNLSMGGTTHSGKYYGNGVYCTKNKCTVDWAKATTCIAGMSIGGFLGGAIPGK,64
dbAMP_07912,MKHLKILSIKETQLIYGGTTHSGKYYGNGVYCTKNKCTVDWAKATTCIAGMSIGGFLGGAIPGKC,65
dbAMP_07913,MKHLKILSIKETQLIYGGTTHSGKYYGNGVYCTKNKCTVDWAKATTCIAGMSIGGFLGGAIPR,63
dbAMP_07914,MKHLKILSIKETQLIYGGTTHSGKYYGNGVYCTKNKCTVDWAKATTCIAGMSIGGFLGGVIPGKC,65
dbAMP_07915,MKHLKILSIKQTQLIYGGTTHSGKYYGNGVYCTKNKCTVDWAKATTCIAGMSIGGFLGGAIPGKC,65
dbAMP_07937,MKKAVIVENKGCATCSIGAACLVDGPIPDFEIAGATGLFGLWG,43
dbAMP_07938,MKKDAIIESIKEVSLEELDQIIGAGNGVFKTISHECHLNTWAFLATCCS,49
dbAMP_07939,MKKDIELMSTIQEVSLEELDQIIGAGKNGVFKTISHECHMNSWQFLFTCCS,51
dbAMP_07940,MKKDVVIESIKEVSLEELDQIIGAGNGVFKTISHECHLNTWAFLATCCS,49
dbAMP_07947,MKKIEKLTEKEMANIIGGKYYGNGLYCGKHSCSVDWGKATTCIINNGAMAWATGGHQGTHKC,62
dbAMP_07948,MKKIEKLTEKEMANIIGGKYYGNGVTCGKHSCSVDWGKATTCIINNGAMAWATGGHQGNDKC,62
dbAMP_07949,MKKIEKLTEKEMANIIGGKYYGNGVTCGKHSCSVDWGKATTCIINNGAMAWATGGHQGNHKC,62
dbAMP_07950,MKKIEKLTEKEMANIIGGKYYGNGVTCGKHSCSVDWGKATTCIINNGAMAWATGGHQGTHKC,62
dbAMP_07952,MKKKFVKVLVCCSMIGIGFTVLGTNTDAATYYGNGVYCNKQKCWVDWNKASKEIGKIIVNGWVQHGPWAPR,71
dbAMP_07953,MKKKFVSIFMILGIVLLSVSTLGITVDAATYYGNGVYCNKQECWVDWNKASKEIGKIIVNGWVQHGPWAPR,71
dbAMP_07954,MKKKFVSIFMILGIVLLSVSTLGITVDAATYYGNGVYCNTQKCWVDWSRARSEIVDRGVKAYVNGFTKVLGGVGGR,76
dbAMP_07958,MKKKLVKALVICGMIGIGFTALGTNVEAATYYGNGLYCNKQKCWVDWNKASREIGKIIVNGWVQHGPWAPR,71
dbAMP_07959,MKKKLVKGLVICGMIGIGFTALGTNAEAATYYGNGLYCNKQKCWVDWSKAITIIGNNAVANWATRGHAGWNY,72
dbAMP_07960,MKKKLVKGLVICGMIGIGFTALGTNAEAATYYGNGVYCNKQKCWVNWGQAWSEGVKRWGDNLFGSFSGGRI,71
dbAMP_07962,MKKKLVKGLVICGMIGIGFTALGTNVEAATYYGNVVYCNKQKCWVNWGQAWSEGVKRWGDNLFGSFSGGRI,71
dbAMP_07963,MKKKLVKGSVICSMIGIGFIVIGTNVEAATYYGNGVYCNKQKCWVNWGQAWSKGVKRWGDNLFGSFSGGRI,71
dbAMP_07964,MKKKLVKVLVICGMIGIGFTALGTNAEAATYYGNGVYCNKQKCWVNWGQAWSEGVKRWGDNLFGSFSGGRI,71
dbAMP_07965,MKKKVLKHCVILGILGTCLAGIGTGIDVDAATYYRNGLYCNKEKCWVNWGQSWSEGLKRWGDNLFGSFSGGR,72
dbAMP_07966,MKKKVLKHCVILGILGTCLAGIGTGIKVDAATYYGNGLYCNKEKCWVDWNQAKGEIGKIIVNGWVNHGPWAPRR,74
dbAMP_07968,MKKLTAKEMSQVVGGKYYGNGVSCNKKGCSVDWGKAIGIIGNNSAANLATGGAAGWKS,58
dbAMP_07969,MKKLTSKEMAQVVGGKYYGNGLSCNKKGCSVDWGKAIGIIGNNSAANLATGGAAGWKS,58
dbAMP_07970,MKKLTSKEMAQVVGGKYYGNGVSCNKKGCSVDWGKAIGIIGNNSAANLATGGAAGWKS,58
dbAMP_07974,MKKNEKLTEKEMANIIGGKYYGNGVTCGKHSCSVDWGKATTCIINNGAMAWATGGHQGNHKC,62
dbAMP_08150,MKNAKSLTIQEMKSITGGKYYGNGVSCNSHGCSVNWGQAWTCGVNHLANGGHGVC,55
dbAMP_08161,MKNNNNFFKGMEIIEDQELVSITGGKKWGWLAWVDPAYEFIKGFGKGAIKEGNKDKWKNI,60
dbAMP_08173,MKNTRSLTIQEIKSITGGKYYGNGVSCNSHGCSVNWGQAWTCGVNHLANGGHGVC,55
dbAMP_08174,MKNVEKISLVELKKVTGGATYYGNGLYCDSKKCWVEWGITGGCLAQYAIGGWLGGAVPGKC,61
dbAMP_08175,MKNVEKISLVELKKVTGGATYYGNGLYCNSKKCWVEWGITGGCLAQYAIGGWLGGAVPGKC,61
dbAMP_08196,MKQVELEALQAINDLTDEELEEIVGAGSGVIKTISHECHMNSWQAIFTCCS,51
dbAMP_08204,MKRKLFSLALIGMFGLVVTGFGTKVDAATRSYGNGVYCNDDKCWVNWNEANQQIAGIVISGWASGLAGA,69
dbAMP_08227,MKSVKELNKKEMQQINGGAISYGNGVYCNKEKCWVNKAENKQAITGIVIGGWASSLAGMGH,61
dbAMP_08312,MKTILRFVAGYDIASHKKKTGGYPWERGKA,30
dbAMP_08330,MKTMKNSAAREAFKGANHPAGMVSEEELKALVGGNDVNPETTPATTSSWTCITAGVTVSASLCPTTKCTSRC,72
dbAMP_08333,MKTQAIEKFDVMDVQELAAVEGGKTIYYGNGVYCNKTCWVDWGQTINSIATNSAMNWATQGNAGWHSGGVI,71
dbAMP_08334,MKTQAIERFEVMNSEVLSTVEGGRTIYYGNGVYCNKTCWVDWGQTINSIATNSAMNWATQGNAGWHSGGVA,71
dbAMP_08351,MKTVKELSVKEMQLTTGGKYYGNGVSCNKNGCTVDWSKAIGIIGNNAAANSTTGGAAGWNKR,62
dbAMP_08363,MKVDQMFDLDLRKSYEASELSPQASIIKTTIKVSKAVCKTLTCICTGSCSNCK,53
dbAMP_08405,MLAKIKAMIKKFPNPYTLAAKLTTYEINWYKQQYGRYPWERPVA,44
dbAMP_08416,MLKKSMVGVIAALTLAMGSQAMAAEEIQTKGKVELVNSKVSPFAVENVGGGTWDYGTKNSGSQKHCWSHYNHPENYHSSTAKVGSSTDKAYADAGEYSKADAYGPKDKTGYAYWDNEATPPK,122
dbAMP_08466,MLYELVAYGIAQGTAEKVVSLINAGLTVGSIISILGGVTVGLSGVFTAVKAAIAKQGIKKAIQL,64
dbAMP_08471,MMKKIEKLTEKEMANIIGGKYYGNGVTCGKHSCSVNWGQAFSCSVSHLANFGHGKC,56
dbAMP_08488,MMNATENQIFVETVSDQELEMLIGGADRGWIKTLTKDCPNVISSICAGTIITACKNCA,58
dbAMP_08489,MMNATENQIFVETVSDQELEMLIGGAGRGWIKTLTKDCPNVISSICAGTIITACKNCA,58
dbAMP_08492,MMNMKPTESYEQLDNSALEQVIGGKNYGNGVHCTKKGCSVDWGYAWTNIANNSVMNGLTGGNAGWHN,67
dbAMP_08510,MNASNKPSIPPVSADAVEDEDLAEQARPGHGVPSQDPEAAAQYQLSPQDAQRESRSVFIGGGVLAGAAAGAAAGAVIAGPVGVVVGGTVGSVAGALGGAAAGAVAPAESAQKPVEKPVPPGSQSSG,126
dbAMP_08511,MNASTAVLDSTILDELDKELEAQIIKELEPEMFGLSRLLGNNGRWCTITKECMPSCN,57
dbAMP_08516,MNDLMRDLAPISAKAWAEIETEARGTLTVTLAARKVVDFKGPLGWDASSVSLGRTEALAEEPKAAGSAAVVTVRKRAVQPLIELCVPFTLKRAELEAIARGASDADLDPVIEAARAIAIAEDRAVFHGFAAGGITGIGEASAEHALDLPADLADFPGVLVRALAVLRDRGVDGPYALVLGRTVYQQLMETTTPGGYPVLQHVRRLFEGPLIWAPGVDGAMLISQRGGDFELTVGRDFSIGYHDHDAQSVHLYLQE,255
dbAMP_08530,MNFKKVLTGSALSLALLMSAAPAFAASPTASASAENSPISTKADAGINAIKLVQSPNGNFAASFVLDGTKWIFKSKYYDSSKGYWVGIYESVDK,94
dbAMP_08713,MNFLKNGIAKWMTGAELQAYKKKYGCLPWEKISC,34
dbAMP_08787,MNKDLNALTNPIDEKELEQILGGGDGVFRTISHECAMNTWMFIFTCCS,48
dbAMP_08788,MNKDLNALTNPIDEKELEQILGGGDGVFRTISHECHMNTWMFIFTCCS,48
dbAMP_08789,MNKELNALTNPIDEKELEQILGGGNGVIKTISHECHMNTWQFIFTCCS,48
dbAMP_08801,MNLKMMEQFEIMDTEMLASKVGGKTIYYGNGLYCDNSKGCWVNWPEAINKILTNSIVNGFSGGNAGWNSGGPL,73
dbAMP_08804,MNLNGLPASTNVIDLRGKDMGTYIDANGACWAPDTPSIIMYPGGSGPSYSMSSSTSSANSGS,62
dbAMP_08805,MNNALSFEQQFTDFSTLSDSELESVEGGRNKLAYNMGHYAGKATIFGLAAWALLA,55
dbAMP_08807,MNNEDFNLDLIKISKENNSGASPRVTSKSLCTPGCKTGILMTCPLKTATCGCHFG,55
dbAMP_08808,MNNEDFNLDLITISKENNSGASPRITSKSLCTAGCKTGILMTCPLKTATCGCHFG,55
dbAMP_08809,MNNEDFNLDLVTISKENNSGASPRVTSKSLCTPGCKTGILMTCAIKTATCGCHFG,55
dbAMP_08811,MNNLHRELAPIASSAWAQIEEEVARTFKRSVAGRRVVDVEGPAGPGLSAVGTGHLRDVTAPREQVSARLREVRNVVELTVPFELSRDAIDSVERGARDADWQPAKDAAQRLAFAEDGAIFDGYLAADIVGIREGTSNRKLILPTDVSAYPDAISDALEALRLAGVDGPYTVVLGSDAYTALSEARDQGYPVLGHIKRIVSGEIVWAPAISGGCVLSTRGGDYELHLGEDVSIGYTSHTDKVVRLYLRETFTFLML,255
dbAMP_08812,MNNLHRELAPISEAAWAQIEEEASRTLKRYLAARRVVDVPEAKGFGFSAVGTGHVERIDAPGSDIRAVRRNVLPLVELRVPFTLARDAIDDVERGAGDSDWQPLKDAAKKIAFAEDRAVFDGYAAAGILGLREGTSNPKLALPSSASDYPAAIAAALNQLRLAGVNGPYAVVLGAGVYTALSGGDDEGYPVFRHIESLIDGKIVWAPAIEGGFVLSTRGGDFELDIGQDFSIGYSSHSADSVELYLQESFTFQLL,255
dbAMP_08813,MNNLHRELAPISRAAWSQIEDEVARTFRRSVAGRRVVDVKGPGGTELSGVGTGHQTAIAAPQQGVVAKLSEVKSLVELTVPFELQREAIDSVVRGAKDADWQPAKEAAKQLAYAEDRAIFDGYQAAGIGGIREGSSNPSLALPADVSDYPNAISNALEQLRLAGVDGPYSVLLGADAYTALGEARDQGYPVIEHIKRIVNGDIIWAPALAGGSVLSTRGGDFELHLGEDLSIGYTSHTDTVVRLYLRETLTFLML,255
dbAMP_08814,MNNLHRELAPISSEAWSQIEEEVARTFKRSVAGRRVVDVKGPGGVDLSGVGTGHQSTIAAPHHGVIAKLSEVKALVQLTVPFELSRDAIDAVERGANDSDWQAAKDAAKELAYAEDRAIFDGYKAAGIVGIREGSSNTSLALPADVADYPNAIGGALQQLRLAGVDGPYSVLLGADAYTALGEASDQGYPVIEHIKRIVNGEIIWAPALEGGSVLSMRGGDYELHLGQDVSIGYQSHTDSTVRLYLRETLTFLML,255
dbAMP_08815,MNNLHRELAPISSSAWEQIEEEVARTFKRSVAGRRVVDVDGPEGPELSAVGTGHLVEVAAPREQVNARLREVRTIVELTVPFELSRDAIDSVERGARDADWQPAKDAAQRLAFAEDGAIFDGYAAASIVGIREGTSNNKLTLPADVSAYPDAISDALEALRLAGVDGPYSVVLGSDAYTALSEARDQGYPVLGHIKRIVSGEIIWAPAISGGCVLSTRGGDYELHLGEDVSIGYTSHTDKVVRLYLRETFTFLML,255
dbAMP_08817,MNNLHRELAPITSEAWAAIEEEAGRTFKRHIAGRRVVDVAGPHGVDFSAVGLGRTTGIAAPDEGVQARQRVVAPLVELRVPFTLSREELDNVERGAKDTDLDAVKEAARRIAFAEDRAIFEGYPAAGITGIRAAGSNAPITVPDDARLVPEAITQALTALRLAGVDGPYSVLLSAELYTEVSETSDHGYPIRTHIERLIPDGEIIWAPAIDGAFVLTTRGGDYELTLGQDVSIGYLSHDADTVRLYFQQTMQFLV,255
dbAMP_08819,MNNLHRELAPVSASAWQQIEEEVARTFKRSVAGRRVVDVEGPAGPALSAVGTGHLCDVAAPRELVSARLREVRTIVELTVPFELSRDAIDSVERGARDADWQPAKDAAQRLAFAEDGAIFDGYAAAGIVGIREGTSNRKLALPADVSAYPDAISDALEALRLAGVDGPYSVVLGSDAYTALSEARDQGYPVLGHIKRIVSGEIIWAPAISGGCVLSTRGGDYELHLGEDVSIGYTSHTDKVVRLYLRETLTFLML,255
dbAMP_08821,MNNLYRDLAPISAAAWAQIEEEVARTFKRSVAGRRVVDVKDPGGFGLAAVGTGHLRGIAAPQKGVDAKLREVKALVELTVPFELQRDEIDAVERGANDADWQPAKDAATELAYAEDRAIFDGYKAAGIVGIREGSSNSRLELPTDAADYPAAVGRALEQLRLAGVDGPYSVLLGADAYTALSEGSDDGYPTIDHIKRIVSGDIIWAPALNGGCVLSTRGGDFELHLGQDLSIGYQSHTDKVVRLYLRETLTFLML,255
dbAMP_08824,MNNLYRELAPIPGPAWAEIEEEARRTFKRNIAGRRIVDVAGPTGFETSAVTTGHIRDVQSETSGLQVKQRIVQEYIELRTPFTVTRQAIDDVARGSGDSDWQPVKDAATTIAMAEDRAILHGLDAAGIGGIVPGSSNAAVAIPDAVEDFADAVAQALSVLRTVGVDGPYSLLLSSAEYTKVSESTDHGYPIREHLSRQLGAGEIIWAPALEGALLVSTRGGDYELHLGQDLSIGYYSHDSETVELYLQETFGFLA,255
dbAMP_08826,MNNMKSADNYQQLDNNALEQVVGGKYYGNGVHCTKSGCSVNWGEAFSAGVHRLANGGNGFW,61
dbAMP_08831,MNNVKNLFDLDVQVTTASSDVDPQITSVSLCTPGCGDTGSWNSFCC,46
dbAMP_08853,MNSVKELNVKEMKQLHGGVNYGNGVSCSKTKCSVNWGQAFQERYTAGINSFVSGVASGAGSIGR,64
dbAMP_08860,MNTKCFEQFDVMTDAKLSTVEGGKTIYYGNGLYCNNKKGCWVNWAETINIIANNSAMNSLTGGNAGWHSGGIA,73
dbAMP_08861,MNTKIFEKFDFMDNEKLAYIDGGAGSGKMVYQGNGLYCNKVKCWVNWAETWTTIANNSVMNVLTGGNAGWHPGGAL,76
dbAMP_08862,MNTKIFEKFDFMDNEKLAYIDGGAGSGKMVYQGNGLYCNKVKCWVNWAETWTTIANNSVMNVLTGGNAGWHSGGAL,76
dbAMP_08863,MNTKIFEKFDFMDNEKLAYIDGGAGSGKTVYQGNGLYCNKVKCWVNWAETWTTIANNSVMNVLTGGNAGWHSGGAL,76
dbAMP_08868,MNTKTFDQFDVMTDAELSTVEGGKTIYYGNGLYCNANKCWVNWSQTATTIANNSVMNGLTGGNAGWHSGGRA,72
dbAMP_08870,MNTKTFEQFDVMTDEALSTVEGGKTIYYGNGLYCNANKCWVNWSQTATTIANNSVINGLTGGNAGWHSGGIA,72
dbAMP_08872,MNTPVFEQFEVMDKEALSIIEGGTYYGNGVTCTKKGCTTDWGTAITTILNNSAMNWATDGKAGWHSGGVI,70
dbAMP_08874,MNTTLMKQFEIIDADKLAHVEGGKTTYYGNGLYCNTQKCWVNWSEAVNIILNNSVMNGLTGGNAGWHSGGII,72
dbAMP_08931,MQFITDLIKKAVDFFKGLFGNK,22
dbAMP_08942,MQKLAEAIAAAVQAGQDKDWGKMGTSIVGIVENGISVLGKIFGF,44
dbAMP_08943,MQKLAEAIAAAVSAGQDKDWGKMGTSIVGIVENGITVLGKIFGF,44
dbAMP_08955,MQNIKALSAKELIEITGGKYYGNGLSCGKYSCSVDWGKAIGIIGNNAAANWATGGAAGWNKG,62
dbAMP_08984,MQTIKELNTMELQEIIGGENDHRMPYELNRPNNLSKGGAKCAAGILGAGLGAVGGGPGGFISAGISAVLGCM,72
dbAMP_08990,MQVKGNNNTNDSAGDERITSHLFCSFGCEKTGSFNSFCC,39
dbAMP_09022,MRHLKILSIKETQLIYGGTTHSGKYYGNGVYCTKNKCTVDWAKATTCIAGMSIGGFLGGAIPGKC,65
dbAMP_09049,MRIPVTITTMLVGTMVALTSFLPSASATSSPDADRATADTATQLAQTTDSGPHRVSPKTETVSPGTYLIKYSLDSGHRTVKLDLRIGTDYSLSTTQHPSALALKNRSGMTIDTVDLSNLAANRGIVFTSLSWKLVNSREATLTISENQVQSTSDSSNIDARRARAPHKAWYNCMTDAGISGAIAGAVAGCAATIEIGCVEGAIAGIGPSGIASMIAALWTCRSKY,225
dbAMP_09060,MRKEFHNVLSSGQLLADKRPARDYNRK,27
dbAMP_09064,MRKKLFSLTLIGKFGLVVTNFGTKVDAATRSYDNGIYCNNSKCWVNWGEAKENIAGIVISGWASGLAGMGH,71
dbAMP_09065,MRKKLFSLTLIGMFGLVVTNFGTKVDAATRLYGNGVYCNNSKCWVNWGEAKENIAGIVISGWASGLAGMGY,71
dbAMP_09170,MRQLSEKELKKIMGGKYYGNGVYCGKHKCRVDWGQAWGCSVNRWGAAVGTGGKATIGHC,59
dbAMP_09192,MRTGNAD,7
dbAMP_09193,MRTGNAN,7
dbAMP_09280,MSALAIEKSWKDVDLRDGATSHPAGLGFGELTFEDLREDRTIYAASSGWVCTLTIECGTVICAC,64
dbAMP_09295,MSDSSNLHRNLAPVTEVAWQQIGEEAARTFKRHVAGRRVVDVAGPFGYSYSAHNLGRVTPIKTSDSRIRAQQRQVNPLVELRFPFTLSRAEVDDVARGSLDSDWQPVKDAAKAVAFAEDQSIFQGFDEAGIRGLGPSSDNPVLSLPEDPLLIPDAVASALSALRLAGVEGPYSVVLDADAYTAVSETRDEGHPVFHHLRDLVAGDIIWAPAISGGYVLSTRGGDNQLTLGTDLSIGYDSHTATDVTLYLEETFTF,255
dbAMP_09309,MSGGDGRGHNTGAHSTSGNINGGPTGLGVGGGASDGSGWSSENNPWGGGSGSGIHWGGGSGHGNGGGNGNSGGGSGTGGNLSAVAAPVAFGFPALSTPGAGGLAVSISAGALSAAIADIMAALKGPFKFGLWGVALYGVLPSQIAKDDPNMMSKIVTSLPADDITESPVSSLPLDKATVNVNVRVVDDVKDERQNISVVSGVPMSCPVVDAKPTERPGVFTASIPGAPVLNISVNNSTPAVQTLSPGVTNNTDKD,255
dbAMP_09310,MSGGDGRGHNTGAHSTSGNINGGPTGLGVGGGASDGSGWSSENNPWGGGSGSGIHWGGGSGHGNGGGNGNSGGGSGTGGNLSAVAAPVAFGFPALSTPGAGGLAVSISAGALSAAIADIMAALKGPFKFGLWGVALYGVLPSQIAKDDPNMMSKIVTSLPADDITESPVSSLPLDKATVNVNVRVVDDVKDERQNISVVSGVPMSVPVVDAKPTERPGVFTASIPGAPVLNISVNNSTPAVQTLSPGVTNNTDKD,255
dbAMP_09312,MSGGDGRGHNTGAHSTSGNINGGPTGLGVGGGASDGSGWSSENNPWGGGSGSGIHWGGGSGHGNGGGNGNSGGGSGTGGNLSAVAAPVAFGFPALSTPGAGGLAVSISAGALSAAIADIMAALKGPFKFGLWGVALYGVLPSQIAKDDPNMMSKIVTSLPADDITESPVSSLPLDKATVNVNVRVVDDVKDERQNISVVSGVPMSVPVVDAKPTERPGVFTASIPGAPVLNISVNNSTPEVQTLSPGVTNNTDKD,255
dbAMP_09339,MSKFDDFDLDVVKVSKQDSKITPQWKSESLCTPGCVTGALQTCFLQTLTCNCKISK,56
dbAMP_09345,MSKKEMILSWKNPMYRTESSYHPAGNILKELQEEEQHSIAGGTITLSTCAILSKPLGNNGYLCTVTKECMPSCN,74
dbAMP_09351,MSKLVQAISDAVQAGQNQDWAKLGTSIVGIVENGVGILGKLFGF,44
dbAMP_09352,MSKLVQAISDAVQAQQNQDWAKLGTSIVGIVENGVGILGKLFGF,44
dbAMP_09380,MSNLKWFSGGDDRRKKAEVIITELLDDLEMDLGNESLRKVLGSYLKKLKNEGTSVPLVLSRMNIEISNAIKKDGVSLNENQSKKLKELMSISNIRYGY,98
dbAMP_09393,MSQVVGGKYYGNGVSCNKKGCSVDWGKAIGIIGNNSAANLATGGAAGWKS,50
dbAMP_09405,MSTKDFNLDLVSVSKKDSGASPRITSISLCTPGCKTGALMGCAAATATCHCSIHVSK,57
dbAMP_09406,MSTKDFNLDLVSVSKKDSGASPRITSISLCTPGCKTGALMGCAAKTATCHCSIHVSK,57
dbAMP_09407,MSTKDFNLDLVSVSKKDSGASPRITSISLCTPGCKTGALMGCNAITATCHCSIHVSK,57
dbAMP_09408,MSTKDFNLDLVSVSKKDSGASPRITSISLCTPGCKTGALMGCNMKTATCHCSIHVSK,57
dbAMP_09409,MSTKDFNLDLVSVSKKDSGASPRITSISLCTPGCKTGALMGCNMKTATCNCSIHVSK,57
dbAMP_09410,MSTKDFNLDLVSVSKKDSGASPRITSISLCTPGCKTGALMGCNMKTATCNCSVHVSK,57
dbAMP_09411,MSTKDFNLDLVSVSKKDSGASPRITSISLCTPGCKTGALMGCSAATATCHCSIHVSK,57
dbAMP_09412,MSTKDFNLDLVSVSKKDSGASPRITSISLCTPGCKTGALMGCSLSTATCHCSIHVSK,57
dbAMP_09416,MSTKDFNLDLVSVSKKNSGASPRITSISLCTPGCKTGAVMGCNMKTATCNCSIHVSK,57
dbAMP_09417,MSTKDFNLDLVSVSKKNSGASPRITSVSLCTPGCKTGAVMGCNMKTATCNCSIHVSK,57
dbAMP_09419,MSTKDFNLQLVSVSKKDSGASPPITSISLCTPGCKTGALMGANMKTATCHCSIHVSK,57
dbAMP_09426,MSTPKWNLSISRAVICVIALFASMICAAAHFVGGIHTNAGYVGWYHPDYYNHDVIGVGNYHPGYGWVAPVYATPTYIIGNTGYNCQTVQQCDSEGNCIQSQNCD,104
dbAMP_09432,MSWLNFLKYIAKYGKKAVSAAWKYKGKVLEWLNVGPTLEWVWQKLKKIAGL,51
dbAMP_09436,MSYKKVITGVALSVGLLVSASPAFAASTSPDKEIVNVASDDFKAQAIKWDLPSTTGIFANTFEKDGIRWYLKGITKVSEGNWIGHYEGVRI,91
dbAMP_09437,MTADILVEMTDAELDATLGAGNGVFHTISHECYYNSWAFIFTCC,44
dbAMP_09439,MTASILQQSVVDADFRAALLENPAAFGASAAALPTPVEAQDQASLDFWTKDIAATEAFACRQSCSFGPFTFVCDGNTK,78
dbAMP_09447,MTEIKVLNDKELKNVVGGKYYGNGVHCGKKTCYVDWGQATASIGKIIVNGWTQHGPWAHR,60
dbAMP_09448,MTEIKVLNGKELKNVVGGKYYGNGVHCGKKTCYVDWGQATASIGKIIVNGWTQHGPWAHR,60
dbAMP_09452,MTGLAEAIANTVQAAQQHDSVKLGTSIVDIVANGVGLLGKLFGF,44
dbAMP_09457,MTKITIPTALSAKVHGEGQHLFEPMAARCTCTTIISSSSTF,41
dbAMP_09462,MTKPSIRRCFGVAAATMAALAATVVPASAASSDVSILINRTNCNQNDYFEIHNNNGRDTLCFANAGSMPVAIYGVNWIESGNNVVTFEFQRNLSEPRLETVTLDKWRSWQPGQPSIHRVTWIRIH,125
dbAMP_09466,MTKTYGVDVAVYQPIDLAAYHKAGASFAIVKLTEGVDYVNRRGPSRWTAPGLTTSTLMPTISRSFGSSVSRAKKEAAYFLKEAKKQDISKKRMLWLDWEAGSGNVVTGSKSSNTAAILDFMDAIKAAGWRPGLYSGASLMRTAIDTKQVVKKYGTCLWVASYPTMAAVSTADFGYFRQWTGSPSGSLPVTAWPGRRRERCSG,202
dbAMP_09477,MTNFGTKVDAATRSYDNGIYCNNSKCWVNWGEAKENIAGIVISGWASGLAGMGH,54
dbAMP_09487,MTPLWRIMGTKPHGAYCQNHYECSTGICRKGHCSYSQPINS,41
dbAMP_09502,MTRSKKLNLREMKNVVGGTYYGNGVSCNKKGCSVDWGKAISIIGNNSAANLATGGAAGWKS,61
dbAMP_09560,MVALLKSLERRRLMITISTMLQFGLFLIALIGLVIKLIELSNKK,44
dbAMP_09574,MVKKNDLFVDVSSHNGYDITGILEQMGTTNTIIKISESTTYLNPCLSAQVEQSNPIGFYHFARFGGDVAEAEREAQFFLDNVPMQVKYLVLDYEDDPSGDAQANTNACLRFMQMIADAGYKPIYYSYKPFTHDNVDYQQILAQFPNSLWIAGYGLNDGTANFEYFPSMDGIRWWQYSSNPFDKNIVLLDDEEDDKPKTAGTWKQDSKGWWFRRNNGSFPYNKWEKIGGVWYYFDSKGYCLTSEWLKDNEKWYYLK,255
dbAMP_09657,NANSNFEGGPRNDRSSGARNSLGRNAPTHIYSDPSTVKCANAVFSGMIGGAIKGGPIGMARGTIGGAVVGQCLSDHGSGNGSGNRGSSSSCSGNNVGGTCNR,102
dbAMP_09696,NGVYCTKNKCTVDWAKATTCIAGMSIGGF,29
dbAMP_09707,NILNTIINLAKKIL,14
dbAMP_09713,NIPQLTPTP,9
dbAMP_09716,NIYWIADQFGIHLATGTARKLLDAVASGASLGTAFAAILGVTLPAWALAAAGALGATAA,59
dbAMP_09718,NKGCAICSIGAACLVDGPIPDFEIAGATGLFGLWG,35
dbAMP_09719,NKGCATCSIGAACLVDGPIPDFEIAGATGLFGLWG,35
dbAMP_09720,NKGCATCSIGAACLVDGPIPDFEIAGATGLXGLWG,35
dbAMP_09722,NKLAYNMGHYAGKATIFGLAAWALLA,26
dbAMP_09779,NPKVAHCASQIGRSTAWGAVSGA,23
dbAMP_09808,NRWCFAGDD,9
dbAMP_09809,NRWGDTVLSAASGAGTGIKACKSFGPWGMAICGVGGAAIGGYFGYTHN,48
dbAMP_09810,NRWTNAYSAALGCAVPGVKYGKKLGGVWGAVIGGVGGAAVCGLAGYVRKG,50
dbAMP_09811,NRWWQGVVPTVSYECRMNSWQHVFTCC,27
dbAMP_09812,NRWYCNSAAGGVGGAAGCVLAGYVGEAKENIAGEVRKGWGMAGGFTHNKACKSFPGSGWASG,62
dbAMP_09813,NRWYCNSAAGGVGGAAVCGLAGYVGEAKENIAGEVRKGWGMAGGFTHNKACKSFPGSGWASG,62
dbAMP_09814,NSHAIYP,7
dbAMP_09872,PDFMIAASDADAVVRGEFTPVLGELHLGVNSLDYAYFARLHPHRDDLLREVDLDFPRPRLLVMAPMEAGANLVPRTQRALVRPQDHLVALTSRVPFPTRGRPLNGADLTVAEQPDGWEIRVPGGERFDLMEIFAQPLKTALMARVSFFRDEHLPRISFGRLVVVREQWRIAADELAFAAVRDTRDRYVHARRWWRRRDLPTRVFVKSPLERKPFHVDADSPALVELLCAAVRR,233
dbAMP_09899,PEVFLM,6
dbAMP_09904,PFKLSLHL,8
dbAMP_09960,PNWTKIGKCAGSIAWAIGSGLFGGAKLIKIKKYIAELGGLQKAAKLLVGATTWEEKLHAGGYALINLAAELTGVAGIQAN,80
dbAMP_09961,PNWTKIGKCAGSIAWAIGSGLFGGAKLIKIKKYIAELGGLQKAAKLLVGATTWEEKLHAGGYALINLAAELTGVAGIQANCF,82
dbAMP_10004,PSCVCSGFETSGIHFC,16
dbAMP_10023,PWWPWRRK,8
dbAMP_10113,QINWGSVVGHCIGGAIIGGAFSGGAAAGVGCLVGSGKAIINGL,43
dbAMP_10149,QKLCQR,6
dbAMP_10169,QLKKCWNNYVQGHCRKICRVNEVPEALCENGRYCCLNIKELEAC,44
dbAMP_10192,QNNICKTTSKHFKGLCFADSKCRKVCIQEDKFEDGHCSKLQRKCLCTKNC,50
dbAMP_10226,QQDYGTGWFDF,11
dbAMP_10343,RARAPHKAWYNCMTDAGISGAIAGAVAGCAATIEIGCVEGAIAGIGPSGIASMIAALWTCRSKY,64
dbAMP_10352,RCICLLGIC,9
dbAMP_10364,RCTCTTIISSSSTF,14
dbAMP_10368,RCVCRRGVCRCVCTRGFC,18
dbAMP_10398,REYRFHNQLATTEKPEILPRIVSDGIVWARRRWRIRPTDVPRPETGERDVEYLLRLEGWRTQLGLPAEIYVAQVTPTAMGLRRKKPQWVHFEHPYSLWAAFTHLDPH,107
dbAMP_10399,RFAHDPMAGGHRMWQMAGLKAQRAQTDVNNKQAAFDAAAKEKADADAALSTAMESRKKKEDNKRDAEGKLNDELAKNKGKIPGLKIDQKIRGQMPERGWTEDDIKNTVSNGATGTSFDKRSPKKTPPDYLGRNDPATVYGSPGKYVVVNDRTGEVTQISDKTDPGWVDDSRIQWGNKNDQ,180
dbAMP_10405,RFIYMKGFGKPRFGKR,16
dbAMP_10428,RGGKIAGKIAKIAGKIAKIAGKIA,24
dbAMP_10468,RICRIIFLRVCR,12
dbAMP_10481,RIGVLLARLPKLFSLFKLMGKKV,23
dbAMP_10600,RNKLAYNMGHYAGKATIFGLAAWALLA,27
dbAMP_10602,RNNWQTNVGGAVGSAMIGATVGGTICGPACAVAGAHYLPILWTAVTAATGGFGKIRK,57
dbAMP_10603,RNNWQTNVGGAVGXAMIGATVGGTI,25
dbAMP_10637,RQGPFERP,8
dbAMP_10657,RRCICTTRTCRFPYRRLGTCLFQNRVYTFCC,31
dbAMP_10736,RRSRKNGIGYAIGYAFGAVERAVLGGSRDYNK,32
dbAMP_10840,RVRSNAELDAGQFTKRNSEGWIKAAGNRNVNNDKDRKTNALWIQGAGDLSADFYHYERIGQHHFLGLHVANGGAQGWFEFRNDGHAYTNGAWNSSSDARMKTQVEKIDNALEKLDCISGYTYLKQGVTEAGVIAQELEEVLPQAVSKTELTLNDGSVLKDARSININGVVALLIEALKEERQARLALENRLADLEARSGQETE,203
dbAMP_10907,SAQFASVTIRNAQTGRLLDSNYNGNVYTLPANGGNYQRWTGPGDGTVRNAQTGRCLDSNYDGAVYTLPCNGGSYQKWLFYSNGYIQNVETGRVLDSNYNGNVYTLPANGGNYQKWYTG,118
dbAMP_10908,SASIVKTTIKASKKLCRGFTLTCGCHFTGKK,31
dbAMP_10909,SASVLKTSIKVSKKYCKGVTLTCGCNITGGK,31
dbAMP_10914,SCNCVCGFCCSCSP,14
dbAMP_10915,SCNCVCGFCCXCSPX,15
dbAMP_10916,SCNCVCGFCCXX,12
dbAMP_10918,SCNCVCGVCCSCSP,14
dbAMP_10923,SCTTCVCTCSCCTT,14
dbAMP_10924,SCTTCXCCCXCSX,13
dbAMP_11011,SGRGKTGGKARAKAKTRSSRAGLQFPVGRVHRLLRKGNYAHRVGAGAPVYL,51
dbAMP_11019,SGTPEKERESGRLLGVVKRYIVCVRNPCP,29
dbAMP_11022,SGTSEKERESGRLLGVVKRLIVGFRSPFR,29
dbAMP_11077,SIWGDIGQGVGKAAYWVGKAMGNMSDVNQASRINRKKKH,39
dbAMP_11090,SKRNKPGKATGKGKPVNNKWLNNAGKDLGSPVPDRIANKLRDKEFKSFQDFRKKFWEEVSKDPELSKQFSRNNNDRMKVGKAPKTRTQDVSGKRTSFELHHEKPISQNGGVYDMDNISVVTPKRHIDIHRGK,132
dbAMP_11116,SLGPAIKATRQVCPKATRFVTVSCKKSDCQ,30
dbAMP_11147,SLQYVMSAGPYTWYKDTRTGKTICKQTIDTASYTFGVMAEGWGKTFH,47
dbAMP_11182,SNDSLWYGVGQFMGKQANCITNHPVKHMIIPGYCLSKILG,40
dbAMP_11183,SNDSLWYGVGQFMGKQANCITNHPVKHMIIPGYCSKILG,39
dbAMP_11205,SPPSEQLGKSFNF,13
dbAMP_11245,SSGWVCTLTIECGTVICAC,19
dbAMP_11247,SSLLEKGLDGAKKAVGGLGKLGKDAVEDLESVGKGAVHDVKDVLDSVL,48
dbAMP_11254,SSSGWLCTLTIECGTIICACR,21
dbAMP_11268,STIVCVSLRICNWSLRFCPSFKVRCPM,27
dbAMP_11270,STNCFCYPCCSCSS,14
dbAMP_11273,STPVLASVAVSMELLPTASVLYSDVAGCFKYSAKHHC,37
dbAMP_11278,SVAGRAQGM,9
dbAMP_11280,SVIGCEICEWLVATAEGFVNKTKPQIEQELLQICAKLGPYEQICDQLVLMELPDIIDQIIAKEPPAIVCSQVKICNGSAMAVAA,84
dbAMP_11301,SVSNIPESIGF,11
dbAMP_11366,TAGPAIRASVKQCQKTLKATRLFTVSCKGKNGCK,34
dbAMP_11367,TALGTNVEAATYYGNGVYCNKQKCWVNWGQAWSEGVKRWGDNLFGSFSGGRI,52
dbAMP_11425,TINRTDCNENSYLEIHNNEGRDTLCFANAGTMPVAIYGVNWVESGNNVVTLQFQRNLSDPRLETITLQKWGSWNPGHIHEILSIRIY,87
dbAMP_11432,TITLSTCAILSKPLGNNGYLCTVTKECMPSCN,32
dbAMP_11451,TKYYGNGVYCNSKKCWVDWGQAAGGIGQTVVXGWLGGAIPGK,42
dbAMP_11452,TKYYGNGVYCNSKKCWVDWGQASGCIGQTVVGGWLGGAIPGKC,43
dbAMP_11453,TKYYGNGVYCNSKKCWVDWGTAQGCIDVVIGQLGGGIPGKGKC,43
dbAMP_11525,TNWKKIGKCYAGTLGSAVLGFGAMGPVGYWAGAGVGYASFC,41
dbAMP_11526,TNWYGSGW,8
dbAMP_11527,TNYGNGVGVPDAIMAGIIKLIFIFNIRQGYNFGKKAT,37
dbAMP_11528,TPALAVVTTVLPAAAVTTAKSV,22
dbAMP_11529,TPATPTVAQFVIQGSTICLVC,21
dbAMP_11530,TPATTSSWTCITAGVTVSASLCPTTKCTSRC,31
dbAMP_11535,TPFKLSLHL,9
dbAMP_11536,TPGGIDFISGGPHVAQDVLNAIKNFFK,27
dbAMP_11541,TPVVNPPFLQQT,12
dbAMP_11563,TSYGNGVHCNKSKCWIDVSELETYKAGTVSNPKDILW,37
dbAMP_11564,TSYGNGVHCNKSKCWIDVSELETYKAGTVSNPKDILWSLKE,41
dbAMP_11568,TTHSGKYYGNGVYCTKNKCTVDWAKATTCIAGMSIGGFLGGAIPGKC,47
dbAMP_11573,TTKNYGNGVCNSVNWCQCGNVWASCNLATGCAAWLCKLA,39
dbAMP_11574,TTLTLHNLCPYPVWWLVTPNNGGFPIIDNTPVVLG,35
dbAMP_11575,TTPACFTIGLGVGALFSAKFC,21
dbAMP_11576,TTPATPAISILSAYISTNTCPTTKCTRAC,29
dbAMP_11577,TTPATTSSWTCITAGVTVSASLCPTTKCTSRC,32
dbAMP_11580,TTPLCVGVIIGITASIKICK,20
dbAMP_11581,TTPLCVGVIIGLTTSIKICK,20
dbAMP_11598,TVDWAKATTCIAGMSIGGFLGGAFPGK,27
dbAMP_11637,TYYGNGLYCNKEKCWVDWNQAKGEIGKIIVNGWVNH,36
dbAMP_11642,VAEKAKDERELLEKTSELIAGMGDKIGEHLGDKYKAIAKDIADNIKNFQGKTIRSFDDAMASLNKITANPAMKINKADRDALVNAWKHVDAQDMANKLGNLSKAFKVADVVMKVEKVREKSIEGYETGNWGPLMLEVESWVLSGIASSVALGIFSATLGAYALSLGVPAIAVGIAGILLAAVVGALIDDKFADALNNEIIRPAH,204
dbAMP_11643,VAGALGVQTAAATTIVNVILNAGTLVTVLGIIASIASGGAGTLMTIGWATFKATVQKLAKQSMARAIAY,69
dbAMP_11659,VAPFPEQFLX,10
dbAMP_11692,VDKPPYLPRPPPPRRIYNNR,20
dbAMP_11736,VGALAVVVWLFLWLW,15
dbAMP_11739,VGALAVVVWLWLWLW,15
dbAMP_11741,VGALAVVVWLYLWLW,15
dbAMP_11749,VGIGGGGGGGGGGSCGGQGGGCGGCSNGCSGGNGGSGGSGSH,42
dbAMP_11750,VGIGGGGGGGGGGSCGGQGGGCGGCSNGCSGGNGGSGGSGSHI,43
dbAMP_11751,VGIGTPIFSYGGGAGHVPEYF,21
dbAMP_11763,VGSRYLCTPGSCWKLVCFTTTVK,23
dbAMP_11832,VLPIIGNLLNSLL,13
dbAMP_11839,VLSIVACSSGCGSGKTAASCVETCGNRCFTNVGSLC,36
dbAMP_11840,VLSKSLCTPGCITGPLQTCYLCFPTFAKC,29
dbAMP_11852,VNPSYRLDPESRPQCEAHCGQLGMRLGAIVIMGTATGCVCEPKEAATPESR,51
dbAMP_11854,VNVLGGIEYSINNATLCSVGFSVRVFNYAEGAVRGLTQGNACMGRGDSGGSWFTLFERQYGL,62
dbAMP_11858,VNYGNGVSCSKTKCSVNWGIITHQAFRVTSGVASG,35
dbAMP_11859,VNYGNGVSCSKTKCSVNWGQAFQERYTAGINSFVSGVASGAGSIGRRP,48
dbAMP_11880,VPTHSGKYYGNGVYCTKNKCTVDWAQGNYCIAGMSIGGFLGGAIPGKVQ,49
dbAMP_11894,VRPYLVAF,8
dbAMP_11948,VTSKSLCTPGCITGVLMCLTQNSCVSCNSCIRC,33
dbAMP_11949,VTSWSLCTPGCTSPGGGSNCSFCC,24
dbAMP_11950,VTTSIPCTVMVSAAVCPTLVCSNKCGGRG,29
dbAMP_11986,VWPLGLVICKALKIC,15
dbAMP_11989,VXLFPPFLXV,10
dbAMP_11990,VXLPFFPLXV,10
dbAMP_11991,VXLPFPFLXV,10
dbAMP_11995,VYPFPGPIXMANLVLTXLSHLHRSTVXFS,29
dbAMP_12012,WFYQGMNIAIYANIGGVANIIGYTEAAVATLLGAVVAVAPVVP,43
dbAMP_12037,WKSESLCTPGCVTGALQTCFLQTLTCNCKISK,32
dbAMP_12038,WKSESVCTPGCVTGLLQTCFLQTITCNCKISK,32
dbAMP_12039,WKSESVCTPGCVTGVLQTCFLQTITCNCHISK,32
dbAMP_12130,XAAIVKAAIKAAKKLCRGFALACGCHFAGKK,31
dbAMP_12132,XASIVKTTIKAAKKLCRGFTLTCGCHFTGKK,31
dbAMP_12139,XINRTDCNENSYLEIHNNEGRDTLCFANAGTMPVAIYGVNWVESGNNVVTLQFQRNLSDPRLETITLQKWGSWNPGHIHEILSIRIX,87
dbAMP_12140,XITLSTCAILAKPLGNNGYLCTVTKECMPSCN,32
dbAMP_12148,XNVVFLNXPXPQW,13
dbAMP_12149,XNYGNGVSCSKTKCSVNWGQAFQERYTAGINSF,33
dbAMP_12155,XTPATPFTPAITEITAAVIAX,21
dbAMP_12156,XTPATTASWTCITAGVTVAASLCPTTKCTSRC,32
dbAMP_12159,XXKEIXHIFHDN,12
dbAMP_12160,XXKEIXWIFHDN,12
dbAMP_12179,YDNGIYCNNSKCWVNWGEAKENIAGIVISGWASGLAGMGH,40
dbAMP_12251,YPYNSTSNVKRIPVSVHFTASQCREIASRGASISEWTTWTSLIAGFGKGTAFLGALTALYGYGVSKNLSVFLTAANRGTGLTISYTYVIPPYTNIGSFENTRISYY,106
dbAMP_12252,YQALIRMIYKNI,12
dbAMP_12283,YSGKDCLKDMGGYALAGAGSGALWGAPAGGVGALPGAFVGAHVGAIAGGFACMGGMIGNKFN,62
dbAMP_12284,YSKSLPLSVLNP,12
dbAMP_12286,YSLQMGATAIKQVKKLFKKKGG,22
dbAMP_12287,YSLQMGATAIKQVKKLFKKWGW,22
dbAMP_12293,YSSKDCLKDIGKGIGAGTVAGAAGGGLAAGLGAIPGAFVGAHFGVIGG,48
dbAMP_12294,YSSKDCLKDIGKGIGAGTVAGAAGGGLAAGLGAIPGAFVGAHFGVIGGSAACIGGLLGN,59
dbAMP_12297,YTAKQCLQAIGSCGIAGTGAGAAGGPAGAFVGAXVVXI,38
dbAMP_12342,YVPKIPKPQPNKPNFPSFPGHGPFNPHASRFPRSPKDNGKIVFDAKKEGGKTQWNVETQQKVWGNKHGSIHVSAGAGKQPGGKPQGQVGIGGSFSWGK,98
dbAMP_12349,YYGNGLYCNKEKCWVDWNQAKGEIGKIIVNGWV,33
dbAMP_12350,YYGNGVTCGKHSCSVDWGKATTCIINNGAMAWATG,35
dbAMP_12351,YYGNGVYCTKNKCTVDWAKATTCIAGMSIGGFLGG,35
dbAMP_12356,NKGCSACAIGAACLADGPIPDFEVAGITGTFGIAS,35
dbAMP_12361,ASVVNKLTGGVAGLLK,16
dbAMP_12362,SGSLSTFFRLFNRGGGWGHFFKKAAHVGKL,30
