,0
k141_3411334_1,MRRKDRELWDAIRATVTPLRRGEALPPVPA
k141_4321143_1,TLLDLLEEAGRSTVPAGFIHVPYAPAQVAAMLAELRAESLLELHQRADLASMDPAMTVRAVERAITVTAGGRAG
k141_2217710_1,MASGRERVAWFNGRIVPESEAKVSFRDYGFSVGDGVFDTLRTFGHKPFLIDQHISRLYRS
k141_2843133_9,MTTRDIERTTSHGIEGFLAHTMEGLARRWRSAMNKRELLDLDDRTLEDIGLTREDVRVGRRPPRA
k141_2843133_12,GIRTVDDGGLVRSVAVTIIEDAREEVWLSGLTGNANVIVQGQDFVKDGQSVDAVRTEAAAATMPKS
k141_4321674_3,MLRAAWIIAEMLGRIALYLAVIGLSLAARRVDRRRIGARPAK
k141_2560222_1,MGVASGKCVIIINGRRSQELAYAMELDVTPKHGHYGFLHGSVDILHQAQRAPQVELDLGDQGTIGIAVLQVSPFGLALISIRAE
k141_2560222_5,MNGASDLLVAVLGERGRHARFVVGCSNLPYDLAVEIEAMFEIDESDLDPAQPR
k141_2560222_6,MSEVSKETPYARLKRLRAAAEERILAMSEYQVVEESLRKKTARLRKLRLKKEAAETRATARAAKRLAAKAGEPPAG
k141_2560222_8,MYDQNSYDCDCPACRPACERTGRKCFITCERCKTQVETDDFGPLKSRTARISERFSA
k141_1651113_1,MITDLSGPAFLLIDLVFVIVLGLALFIGALWWRGRRRSPAGRPTPATPEQPNREYQPGKRAASKISRARAGT
k141_5859091_1,MKRGIFASALAVAIALGPVPAKAVQSSGCFLLGCIFQGRLSGGSTRSLVSFAEAGK
k141_5859091_4,MIQRTPSTRRWRWGGWSPRTSARPRPALGIGVPGLLPGRYRVSLFDTVGGAVIRSLDSRCEDRQDLTVPVDVATDLAIAFTRK
k141_5859091_5,MLEYTLGSTAKSADWGWRETGNSELSPHREKLSQLKAELEGMMALGEPGSFVMERLRALHAGVSEELGG
k141_5859091_8,MEIVTSTQALESLCSQLSQEAFVTVDTEFMREQTYWPELCLVQIAGAEHEAIIDPLAPELELESFWQLMVDARVVKVFHAAR
k141_6371245_8,MTGQGERTAPSAEEQERRRRGRSIAIALALAAMAALFFITTIVRLGGNVADRAF
k141_6371245_16,MYDLIESRAEALTEEPEGWNLARLWDHWLARRSVRRLAGYEDRVLRDMGIERADLEWATRLPIWRNATQELEERSLRRRLHIRD
k141_6371245_17,MKAQTRPAFSSSGTGLASIGSLLRRTMRHWNDRRALTALSELDDYLLADIGLTRSDLDWALHQPSSALPSEELTRLVHERRERRNRRVI
k141_6371245_24,MKPQLLHLVFGGELKSLDGVEFKDVGKLDVVGIYPNFAEAKRAWERKARETLDNAEMRYFIVHLHRLLDPAAGQGG
k141_6371245_26,MQKILLALLLIAAATPALAQQVPMASTDNPASSFIERNGDGGTSYSDPSAQVAPGEDAATMEGTTRTLPQSRMEHGCHGSERVEMPALTN
k141_6371245_31,MAAKDVKFASDAREKMLRGVDILANAVKVTLGP
k141_3187863_8,MARTNPLEFLQQVRQEAAKVTWPTRRETMITTTMVMIMVALSSVFFLVVDAGLKWVVERLLLVSF
k141_6485333_3,MGELRHLTERERRRRATSVEGPAKILLFTGVRIERHESGSAERLPPIEEPEKRVSSE
k141_4837500_18,QTIMMALAMVVVAALVGARGLGEQVMIALNQANPGTGLVSGLAIALIAIATDRIIQSWAAQRKEALGLG
k141_3815560_1,MTQTGTYNPSRDDFAAMLDASFNESTATEGSVVKGKVVAIENDLAIIDVGLKTEGRVPLREFQSPGRDGRLQVGDEVEVYL
k141_4327282_15,MHPSPLMAGTVRRLALVSLPILLLWLAVAWAIQ
k141_3645692_6,MDLWNVLEYLAWALSAVFALHMVYDLYRVDTTYENELLTSSREGEIELTQERHEI
k141_3645692_11,SLTFAASQYALLSSLYSLGGRFLGGLSGLVVDAIGYPLFFLLSAVSGIPGLLLCFSPATAGTVASRKEQATQG
k141_4157418_5,MALGTVGQGILSKLARAFPDAELSLEDQSHLHAGHAGARPAGETHFRLHAVSPAFAGKSRIERHRMINAVLADELAGPVHALAIVARAPGERI
k141_5693069_2,MDPDRFNMSMRKFLKQVGVTTQQAIEDRVRGSPGAAGRLRIKAVVTAPEIGLDHVVDGEIELP
k141_5693069_8,MTVYSRIDIETPCIKVCVLDPESGYCIGCGRTRNEIAGWLDMTDQLRRDIMAGLPQRVDSLTRAKRRRGGARARRGEGL
k141_5124368_2,MHSVSPETSSQWVRLSLDLIARARLALKEGRDRRLLQSLNDHMLADIGLSRLDLGWTATERPVQRQ
k141_5693805_11,MNIEPTFPPGREARLRYGDADYQILHPGEFVRCAVTGRPIRLDELRYWSVERQEPYASAAVAFQRYTALLAIAPALRP
k141_4102202_6,MRRIFAPLAAFSLACLMASPVLADRSRKVKVIYAPGMGIQNAAPAIVPPLRPEPVIVRPRLLWNPWGGVNRAVFHNSPCFCRLYSGPRHPF
k141_5523803_5,LAMVKIVCDRVRSLKILGHFLEG
k141_6546910_2,MTIAVVDPIEALGIEPTAAKPPAPAQQPVSPEEADFLSDPDELHAGGPLLNLKPQPPPVHRDSTGSSSSDDDMDFDLADYV
k141_6546910_8,MTEQDPKAATDDADEGPPAVRRIDPKLLEILVCPLTKEPLVYDAERQELISRAARLAYPIRDGIPIMLVEEARQLNDD
k141_976010_3,MARRCELTGKGVLVGNAVSHANNKSKRRFLPNLCQVHLISDALGQSVSLKISANALKSVEHRGGLDAFLRKARREQLSKKARELKRKIEKAAPAA
k141_6662118_5,MYFRQVSETGSYARFFVEMIAMYLVAAALAFCLIAAAYA
k141_6662118_6,MNTYVVLVNWTDKGVVNVRDTEKRLAGGIEAAKDYGVNLKEAYWTLGGYDMVSIMEAPDDESLTAHLLHVCAEGYIRTTTLRAFDKSAFDRVLNKIK
k141_6662118_7,MNWDRIEGNWKQFSGKVQQQWGKLTNDDLSKVEGKRTELVGRIQERYGYAKDKAEREVDDWLSGI
k141_2397515_1,PELDWLWGYPFALGLMVVSVVATFIYFRRKGWL
k141_7116070_1,RISVLDHGIKIAEGTAGEVQSDPRVIEAYLGTTAQTALK
k141_3250419_9,MFRLSLAALGAAIALGQPLPAAAGVVPALDAARAAPLVLQQVQYYPPPDGGEEDPYGGGQPDGGYGGGGGYPGDGGGYGGGGGG
k141_3990079_8,MITFLACSISEPLRCKPIQILTDQLTPIGCMAVSQQLTAAWQSDPRQRGRWFVDATQRVRCVAPTRAKIAI
k141_5069883_1,MSVLGLPKPSWMTEELDMLADQSRRFFETECQPHYEHWEKEGQIDRAVWLKAGALGLLGAEVPEAYGGPGGSFAHDAVITFEANRAGFDGWG
k141_3591899_1,ITAPLDASDGDTTAFAWNATAGVSYDITPELKIDVSYRYTDLGSAISSGAVPLEVDKLTANEVRIGLRYYFW
k141_3478033_15,MSLSMKEVYLSKQSMDHIFQEHPDINGFDLLHIPNALDHGMIVQEKAKPHCLIISYMDPDTHRRFVFAVKTVKGATRIT
k141_1659655_1,NCVHCKTCDIKDPAQNIVWEVPQGGEGPNYPNM
k141_1659655_6,MIELLRTNDLVLLTFVAHVLDEAGIVHVIFDSHMSAVEGSIGILPRRLMVDADDVPAARRLLESACPEGCNIALTINEQ
k141_1659655_7,MEMIGIPASTGPGRDPPPAALTEDGFLGGRLTVLQPEKGF
k141_7116950_1,MANSTELPNGASGVEFAVDREPKPLETWGKRALIAIGAVFAIPYLLTIVYWFVPPPVSATMLWN
k141_7116950_38,MQGVKIMADSVYKVIELVGTSSKSWEDAARVAVERAAQTLRDLRVAEVVQQDLVITDGKVEAYRSKLKLSFKYEDHD
k141_7116950_42,MSSELVYHDAELDVRGLLCPLPVLRARKRLSAMKPGEILKMVASDPAAAIDVPHYCSESGHTLLATEQQGDLLIFIIRKTHGS
k141_7116950_47,MGAAPFRGTFSPSKDGEKGVKGGRHRSFPSPRASGERLEPPEEEGRTESPP
k141_7117136_9,MSIAAERKQALIKEYAVRGDDTGSPEVQVAILTERIKNLTDHFQTHKKDNHSRRGLLKLVSQRRVLLDYLKSKSDSRYKMLIERLGIRR
k141_2114848_8,MSHPTVTLPPSAISSPPVAIPLGELLPWAIFAGLLCFVALYFVGAEQGATALFSGSGIHEFVHDGRHLLGFPCH
k141_2570674_13,MTAVDIDGHVIDVLFGEAEIARRVAELGVAVAAARPVSLLVVPILKGSFVFAADLLRALYHAGLRPEVDFMMLAS
k141_2003104_1,GGGGGGGYGGGGGYGGGGGYGRLGCRDAARLIRRQGFRVVDFIDCSGRNYTFLARRGDGLFRIRVSASGRVLAVSPARRY
k141_297257_2,MRMSKSGLWMTLLTAVGVSALLARWFRSQAPVPAGVPAAPPKVRSAGPEAMQSPPPRWDDHDQALDESFPASDPPGLTPKRD
k141_1036814_1,AQSRCVSPATVALAWVLRQEQVMAIPKTSKTARVKEFHAALDLTLNVYELQGLDKAFPVANRRTPLATS
k141_1036814_8,MSSPEPDRVLRCKLTIVNSRGLHARASAKFVKCADNFNAAITVSRDGQSAPGTSIMGLMMLAAGEGSTILVEATGPEAESAMAAISDLVASGFGERD
k141_3481314_1,MERFTVLTGVAASLPLVNVDTDMIIPKQFLKTIKRTGLGSALFH
k141_3481314_2,MPDQGRRTVHLRIEGRVQGVGYRYWAADRARELQLTGWV
k141_3481314_5,MSLVTGLAIYFIIWWVTLFAVLPWGVRSPHESGLEVAPGHSDAAPVNPRLGVKFAATTAIAGLIFLFVWWLITRSGLSLDDVPFMPLRPA
k141_3140935_5,MAHKKAGGSSRNGRDSQSKRLGVKKFGGQSVLSGNIIVRQRGTKWYAGRNVGMGTDHTLFAVAEGQVEFREGKGGRTFVSVVKGAAEKG
k141_3140935_16,MSDGLADRSPAIRLSDEQMALLERAIRELHWSQNTPRERDAAEGVVDAARRVGIIRF
k141_5245966_1,MSDTIVSDTGMAPPFRAEHV
k141_5472693_13,MRLAVVIFSLLAAVPAAAQTSSVRQVTPAERAKIVDVLTAQGCTTFAEARVVNDAFEVKNVRCGGDQLYDMVYDRNLKMISMSEKPKK
k141_5472693_15,MLAAGLPMGANADAGCKCRSGGQSYDLGAVVCIRGQLARCEMFLNNTSWKIIADSCPQTRAPPPGAPRQNLLAACRMPKSSPRG
k141_5472693_16,MRQRGTVKFFNQAKGYGFISPEGGGKDIFVHITAVQRSGLPDLTEGMKLSYEIQPDKRGRGPQAVELQLV
k141_5472693_19,MAQQKGTIKFFNTTKGYGFITPEGGSKDIFVHITALERSGIREVREGTTVFFDVEDDRRGRGQQATNIKLA
k141_5928115_5,MAMTAEEIERLIREALPDAEVEIRDLAGDGDHYAARIVSAAFRGKNRVQQHQLVYQALKGRMGGELHALALTTAPPPDERKEKS
k141_5928115_10,MVDRDMQAQLKGWSLTTAEIMYRMPDYRDLLQTFIWQNYDVAPRFPRLIGFLNFWARNLDGPLHTVRVMHRGLVCAAEMRFVGSEWRLH
k141_5928115_14,MRARITITLKNGVLDPQGKAIEGALHALGFAEVANVRQGKLIELDLPPTADDAAFRKQLKDMCEKLLANTVIENYNIEIR
k141_6553025_4,MNTANVDLAQTLVPLALAAVALVLLLGLWNMMRGGNPSRSQALMRWRVMLQFIAIIIILATLWLMGR
k141_6553025_6,MTALSGTPFWKMNGLGNDFVVLDARGGPLPLTRDAV
k141_185794_8,MANTKSAKKAARQAVRRTEVNKARRTRVRGYVRKVEEAIAKGDQAAARAALQAAQPELMRGAQKKVVHKNTAARKVSRLSKRVKSMTS
k141_185794_24,MRAKDALDALGVFAVVALATVIVLALIAIFTGAAVGAFLFIMVVVAGASVWQALRHPNGRKPSP
k141_185794_32,MENQTRKMISRNDLAGLGDGHVAYIREIAPEKALVLLGDEVELPSGSKLFCLYMADGTPFAISASFEAAMANAFEHDLLPMSVH
k141_185794_38,VGATIAEFIGSDQGLGFYIQIVTGNMRPDLAFAGIFLLTLLGLTLFGIVTLCERLVIPWHISQRRRH
k141_300119_1,AYRPLRRRYERRKAMGRRGLEPNMVMAFMRIGLFIGLPALGLLIGPSLLRLWLA
k141_1550770_1,KKMRQFGRVEIPQEAFISALKMDEN
k141_1550770_11,MDKQEFGPLGSAELKELFDAAWTEFKASSPVGIDLIAEASLRSMIAARLMRAVEKGETDRAALKGLALFGL
k141_1550770_13,MSSPITHAQFLRRVLGCFLLTTTLAGIVVSYTLLALTFTPPTSTLALLMPG
k141_1550770_15,MGILDELLGGGQPQKEYKDFVNRYERGNPSEGYSDQEVLKRYSDVAHAVPPDQYAQAAQEALAKLSPEERAAFVKMLQAAS
k141_1550770_17,MELLVRCQTRDLLSAHPGAPPDQIIGWVQEFIEAVTRRAEQIKATGGHSQGRA
k141_1550770_18,RWSYRWGCVPFYGYGYGAPVVTFGFGGWGGGW
k141_755081_11,MCGIAGLIHRDGTANIGKEMTAMLLSLRHRGPDSTGYALYGNPGRNDYVMRFKVAEQ
k141_585190_14,MIGSRPQGERVRVTLWGSLRSAAEGRDTVEIEAATIRELFSRLGKSYPGLKPFIDRGIAVSINGQIFRDSWSQSIPKGAEVYLLPRIAGG
k141_585190_16,MTTYRLVSHLDGIWLEGFNDDDDEWEIIDGPFDTRHEGASALRHRRERQEHRDMHAA
k141_3427995_13,MTVRLVPVLAALLGALFLVSGPIKAAGECDADLKVVDEALAKKQLADDERDQLEDMRSQAQALCDSGNTDEGLELLSEAKGILGIE
k141_5418157_2,MKPYFIQIKCALGQAYEVAMAIADAEIASEIYSTAGGFDLLVKFYLPDGEDVGHFVNTRIHSIQGVRDTYTIVTYRAF
k141_5532026_3,MIVKLLTAAIAIALTLLIVRKLAALAERVRVGVKTERRRQERSVTLRQDPDSGVWRPEK
k141_5532026_9,MGSTTCKMADGMDGLQQEREPRQVALRYILDAWEEAIHDGVDPDCIATAAIFAALSDMIATYGEEPVARMAERLSERIRIGEFTIIRSMQ
k141_5532026_16,MTIVIADPAVAAGLLREGALVAFPTETVYGLGADATSDEAVARLFAA
k141_5532026_19,MTIEYIEARAGALGEITTFLNLGALFRHWQARRSVRHLASLDDYVLKDIGLKRSDVEWAERVPLTRNAVLALEERVRRRRRSVDS
k141_756515_1,VGGADGLTPSLRDNASLAIAFGAATWPHQLVRVMLLEQLYRAVTILAGHPYHRG
k141_1439066_23,MPSADTTVRKKHIVLKGELPSPMNPPPGCPFQTRCPRKIGAICETELPPVKELAPGHKIMCHLPDDVLRAMEPVFAFGASKERAA
k141_1439066_39,MQELIHRVRAASGLDEQQAEKAVGIILSLVRAQAPEDKGKELFAHLPGAAELAARHGSDGAAKGG
k141_2008784_8,MRRPAVAPLLAYFVLSFLAAS
k141_2634229_1,MGRELEELISRARGVTMSSTDVQEQRRSFAFGNAGFENPIITRKMVDEEDEARQASPK
k141_2634229_8,MRTLDERTLRAVRDEMAALRWSDADIAGLVNPGHGVISGLQQLLQELDRLRRVDLGLIPPAAAVPPDDTTDAGV
k141_5932002_3,MTFLYKSEPVRGAIWQRMFTEQ
k141_588228_1,MVRSLVRSQAHFKKALARLPLGVASNFRYWGDDRTIYVARGKGGRIFDIDGNGYVDYRLGYGPA
k141_20562_8,MSVSDPVIFAKICELLQPFNKKGVPLEPDLEIMSGLEIDSVAVMDFVMEVEDHFDIDIPLNVLSETRSIEDLVKVVAERTIRAA
k141_3715972_8,MPAKSKAQQKAAGAALSAKRGETPLSKLKGASRSMADSMSEKQLEEFAHTKRKALPDHKSKSK
k141_76903_6,MNEVWEKWVSPGNTPVRATVEAKLAAPEFTVEIMVVAAL
k141_816517_6,MGKEKFERSKPHCNIGTIGHVDHGKTSLTAAITKILAEKGGATYTAY
k141_6502032_1,MHQAAMSPESCPALVLNADYRPLSYYPLSLWCWQDAVKAVFLDRVNILSEY
k141_2693910_8,KRSVRVGLTPKGNAIRERVDQLYNRQLLSIQEVAGLNAEEFDRLNKILGRLERFWTDQILYRL
k141_1385089_1,MWRETLGLYCALDGPEGDAALVFARVASYLHPPRFAAILEDFVERAAIWRTYLARPADSIEQPPVPMGATLIRA
k141_136558_4,MDRRANIVRLAPADNVGVALSDIAAGEMAVDRADFAVAAREHIPLGHKIALQPIAAEQPIVRFGMAVGLARSAIAEGMLVHTHNVRSQYLDNEVDHYE
k141_136558_11,MAACGAVFLMLSLDMLHPPASIGTFVVMTQSADWTFLLAPLAVGLTLIAVITLLGRLYAAAPGMRGRSRAQPAPRPIR
k141_136558_12,MFVVSSRGFRAHALRSLFAGSCVGAMAALAASGGIALALVPFTASLVLLATMPDNPAARLKAVIGGHLTAPLPG
k141_136558_17,MCRSIKTLHNFDPPASRDEIRASAVQFVRKLSGFNHPSKANEAAFNQAVEQVTRAAEDLLHALVSHAPPRDRAVEIEKARSRAAKRFALTD
k141_136558_19,MKIIQDTEGAEVVNATSTSGLKETILSRQSPPEEVKEPPRPWPHDGVVRSWAY
k141_136558_23,MLQSLTGYFPITQQKAEETITGYPRQRLDMTRRALRDYGYLLDQETKDAGTCLLRAVFAITPSMRFFRFANSAS
k141_136558_24,MGAQVRVFYSLVDFQVALNHLVAEHNTNPTPFTWTADPDNIISAVRRGHQLL
k141_4798210_3,MTRLAALALGIGLTLPSGLGLADDDPWPGLQGDAFDSRPMTADSGLVAVEAPYRAEDAAIVPMTITLKPAAAPVRKVTVVIDRNPAPVAAVFT
k141_1727278_1,IEIDSEPGRGTTVTILIPAPESGSAAA
k141_1727278_15,MRQLEAALAQLHEQQAQRMRTAGDAAALRTDRLRLVQELAEVRAKASELAEQQRRASRRIEQAMARIRRVLGE
k141_1727278_25,MKGNIHPEYHTIKVVMTDGTTFETRSTWGKAGDTMHLDIDSKSHPAWTGGHQQLVDRGGRLGKFNRKFGFLDKSKG
k141_1727278_27,MERDEDRPVRKPEVPIGDDLALLSVAELEWRIGVLRQEIMRLESAISAKRASRSAADSVFKL
k141_1727278_35,MSLQSHLSELAAKHKALESELQDALAHPSSSDQEIAELKRKKLKLKDEMIRLESQLSRH
k141_1727278_36,MNVPLDLTPDELRAKIAGLKQHHRDLEAAIESLERSGIADQLQLRRLKKQKLTLKDQITLLENQLLPDIIA
k141_1727278_39,MQVIVRDNNVDQALKALKKKMQREGIFREMKLRGHYEKPSEKRAREKAEAIRRARKLARKRAQRESGIAPKPATRPAAPPR
k141_1727278_43,MADELTDAGGGDSNYAAHLATYDGFIKGAVMASLHVAFVLVALVMFGFGKGAAVFLGFLGILAGMGAITLDFMSARGGWTISIVTLVLFVLVTAVNIS
k141_3376327_10,MAKQTTDKISAIASKALKTGKATVAQIKALAASALGQDENKGRRPAKKASAARKPTKRATGARKAAAKPRKAAKAVKAKR
k141_3376327_13,VWRSLLNRRVTALLTVLAVIPVLLVLTRLIAVG
k141_2125304_2,MTANSFRLAALLLLFGLGLTACGVNGAPDPPKPDQFPHQYPPPETPAGAAAATAAPATPAPSPAYPANTTNTNQPMYQ
k141_3263184_1,MRKEPFFTMITKTRVGLIGRRGFFSWLTDLALKS
k141_4230043_1,MEAAPFFPLAPRQRGEGARRVG
k141_3832468_4,MAEAPKAPSHPDGMPAGWPRRLAVATITIGLMMSVLSNSMT
k141_2582506_19,MAALGPQSVPRLPRGVRLSYDQARERWLMLAPERIFEPNDVALAVLRLCDGQRTVEGICEELGRSYNADPALIMTDVVELLGGLVQKRLIEP
k141_2582506_20,MTQVLRPIGLLAELTHRCPLQCPYCSNPV
k141_1786643_1,MKLLTRLAVLAYLVLFFGFLLGPLIIMSITAFNSSSFPRVLPWECLTFEWFTRLANDTRVIQGLQFTAVIGVFVVILSLLLGLA
k141_3947051_1,MIEANAPLSIAAAKGMVNALSGVLHAADPGQLQALADACFESDDYKEGRRAFLEKRPPNFSGR
k141_3947051_3,MAPRQTPKFHNDMGVPAIDIGSREFECTGALPPFDHPHIYIDMGDEQETVCPYCSTLFRYDPALPQGGARPPQAVLEAE
k141_5993603_11,MSDVIIYTTQFCPYCVAAKNLLRNKGAKFQEIDVSCDPSGRKTMTERAGGRRTVPQIFIGDRHIGGCDDLFALDRRGGLDPLLGA
k141_5993603_14,MVRSKTADAAARARRDGQGPFTIEYSLIASGIACGILAAIGVIGNTLGSVLF
k141_2925060_3,MTTTTLLIIILLVLLLGGGGWGYRRYGGGGLGGVVGLILVIILVLWLLKALPGI
k141_6393647_4,MADNVVSLFGPMASAQPEGQPNATVIAELERLLEAARAGEIIGVAGSYVHRDKVVTYSFAGIVGSYGLIGGLDCVKERLIRIALAKD
k141_6393647_5,MESEDWEQRQTGIKHALAAWALLLVVISALQIVDLLWNDHAPLGATRVTAFHP
k141_6393647_8,MGIARSLAVEPEIWFLDEPFSALDPLI
k141_2128845_2,MATAAKKAPAKKAAKKAVAKKSAAKKPAAKKASKKPAAKKAGKK
k141_7190862_3,MKPIDFYDIIRSPAITEKATMCANNNQVIFNVARQASKPEIKAAVEGLFKVKVKAVNTLLRKGKSRRFRGIKGMQSDVKKAVVTLEEGHFIDVMTGL
k141_7190862_5,MARSLWKGPFVDGYLLKKAEQVRSSGRNQAIKTWSRRSTILPQFVGLTFAVHNGNKHIPVLVSEEMVGHKLGEFAPTRSYHGHGSDKKSKRS
k141_7190862_9,MKPKDVQALTDDTLGDELLKLKKEQFNLRFQKASGQMENTARVRQIRRDIARIKTVQGQRAATATK
k141_7190862_10,MPKRILQGVVVSDKNDKTIVVLVERRFTHPVMKKTVRRSKKYHAHDEANLAKAGDVVRIEECRPLSKQKSWMLVDKVEASKV
k141_7190862_19,MAKAETKKTVTLVQIKSPARREGSQQATLIGLGLNKLNRQSTLEDTPAVRGMIAKVAHLIRIVEAA
k141_7190862_20,MKLNSISDKAGARHVRKRVGRGIGSGLGKTAGRGG
k141_7190862_35,MSVDTNTVRRIAKLARIRVTDAELPKLQGELNAILQWIEMLGAVDVSNIEPLTSIVERKLHLRADEVTDGGRPDEVVANAPVQDDHFYVVPKVVE
k141_7190862_39,MSQTSFVELLIGNGIGRNARLEKIAQL
k141_84163_1,MTNSADQKVQRRLAAILAADVVG
k141_84163_2,MLKGLGINLILRPPPTFSLRTRRLPFWPARCSVPNPVDYRTRGADDLMRPTESVATGLAAADLAAHEWLGLLTYRATGLTGELFPAP
k141_5485147_1,WLFPEITFFLGGLVGSATNRRPASRGFQRLEDAEQLRRRLIDRLGLQQVGGQ
k141_5485147_9,MSDISIAEEDPRAGDIAAMIGELDQYLSDLYPAESNHLMGLESLAADNV
k141_5371808_1,GGNGGGNGGGGGPIAGGGVRDAVAGLSREDYLGLQANCRQVLRAPQLFKPTQVQICRLVVMN
k141_5371808_18,MRDHDADVCDCPACMPACERTGIRCFIICDRCVDKVEVDAFGPLKSRTARIFRR
k141_5371808_26,MEYDDYWEHQRPSWRKTVCAWAIVAVLALVFGSIELMWPSRSAPLGLVTANVEAGARARRAFDREQRDDIEPLHSGSAIGDGEEAIDARQVALER
k141_6453226_5,MLELKRHGVAQIIISHRLQDIFAVGDRVMVLKRGENVGEHHVEHTNEQQVLEVIVQGKRQVQAAAGQ
k141_2815083_1,MGKITGFLEIDRQDQTYAPA
k141_2815083_6,MSVPPIPTTRPFAEMAFALAERGLAVIPCPGDDGKAPRGAIKGYHHWTQRPGT
k141_3952734_1,RGGTARSVRAGRAYVDVGTLHGYHEALRLLREQAPVAAGVAQETAG
k141_3952734_6,MDAKTSFANGQLKSLVERIEHLEEEKQAIAGDIKEVYGEAKANGFDTKILRKVISIRKKDHAEREEEDAVLAVYLQALGMVPA
k141_3952734_7,MTELDDRTRTELEAAAFRRLVEHLRQRSDVQNIDLMNLAGFCRNCLSNWMQDAAGARGVALDRDQARQLVYGMPYEEWKARHQKE
k141_3952734_12,MKIRNSLKSLLARHRANRMVRRKGRVYIINKQNPRYKARQG
k141_3952734_13,MAKLSDRDDAAPREGEQEIIDTAVMTLLTTSEERREAMMELLSMTFAREMRQHWPDMPGREIFTRTTQLVQDVRKRIADIRAVGGAYMGTA
k141_3952734_16,ETGRIIIYPDVYDRDAQLEKALDGGDVALR
k141_1337843_1,GGGLMGAPLAAIGKLQAAGLSMAEIRAVGYEVLAYAKEKAGDRLVRDVAGSIPGLSSYV
k141_5829692_4,MTYSLAFSQPRLWSAVRDCSAPSDAGEVFPKTYRRREHDVIARALRDYGRFLDSETRARVASDLIAKAPRRR
k141_1451826_7,MDLAAPHLGFVAAAYGLSLVVLSALTLWLRHRDRDLSRRLASLEAEGAPRRRVAAGAP
k141_1451826_27,MRSILLVLAATLLLASCGARGPLEPPPGSTASQKQKNNDFILDKAI
k141_1451826_30,AARGARRVLVAALLDKQGHRAADIEADFLGFPCPDVFVVGYGMDMAHAFRELPFVGHLRKRAQ
k141_372858_9,MSGTAKATRLIDNDKVIVTEYRFPRDGDNTGWHRHALPYVVVPMLNGRLKLVATDGERFADMTAGVPYYRAAGVEHDVVNASGGEYAFLEIEIRQA
k141_1736305_2,MRDTTRPAALQNIEQALALLDRVSRFLAIGDDRAGDPLNEIAEASQCLTRARAELAS
k141_316394_3,MRATLFVAALFVMLNTPASANPWPQPNYGGWWNGGSYNDDYDEPFQEDHGPYQRSQGYEGHRTLFGGYEEKLWDGNCKIERHWEADGDYSEQRECHNH
k141_6967805_4,MLLIKCPVCGVEGDETDFHYGGEAHVRRPASDHPDRVSDGEQRDYLFMRKNPRGLHFERWRCDRGCGKWFNAARDTVTMEFRATYGIREEPPAI
k141_6967805_7,HHQDAGAYAQMCGVGQSARFIRKQALNVSKLLTVNTPDAFVAELARLSRERPELHIARPHFYPFGGFDKLFDWVAGSR
k141_3444643_1,ADRLYQALLSQGTQVLYDDRDERAGAKFAAMDLIGLPWQAVVGPRGLKDGVVELKNRRSGERETVPLEAVPARFGGRS
k141_3444643_8,MIRKTLIGIATAIAMMAAAATSANAHSIAIGFGYGGPGWGGGYGPGYGWGGGGYGYGLTPGYDACRPVVVGYRMKRVWFHGMPKFVQVPVWRTRCF
k141_658051_1,MTELKPEDQIGLTDAILTAIADK
k141_3273674_17,MAEMRQQGYGLGPETLDVLRGVFHEAWAEFEARFPAGMDSTAESSLRRTLASRILRAAEGGECDLHVLKQRALAGF
k141_3273674_20,MGPFMLVIFVFFGMDSNPQFTQRTEFFQSRDACKLAGIYATGELKYRLLGQETKPYEVWYHCTPSGAEAVPVS
k141_3273674_26,MDVMTKMHLALAVMLTIYVVPLAYLVWLAQHQHPTPPVQNKPEERKKR
k141_3273674_29,MHVANLQLEGLLMAVASINNVLVRKGILSVQEIDEALAKAESGLMADVHVAGDMSASNRDAVCFPIRCLKLANLGQSEDAIQSFAELAREVGRLK
k141_3273674_31,MAKLTSADVTGALDKVLGERVDPPFSATRLIGGKLRSLYNDAGQEELLGLTRLLRALEDERPAE
k141_3273674_33,MIANYFCLYLALALIFLVAALAVRAAVLKAVRTPRSELQRALRRNGIAVAIMGTSEESLLWTDAAGYVDDKDAAAAVSHAEHRIIGRINTLFD
k141_3273674_39,MRIVAFVFLLLVGMTGSSFAAVSANAQRACMGDYFRFCSYTGGNIPRASACMRRNYARLSRPCRIATARPAARSRKHSHKPSHRRIHRHTTKHRH
k141_3273674_41,MKGIIAVVAAAASLVLAANAANAGRAVNTALGTAAGLVVFGPVGAVAGAAVGFTAGKGIARSWGLSRPHRRVTRR
k141_3273674_44,MRDKALADIIDEWRSLSAVEFLPSHDLKPNDLPKAAAALALAGVPRYAKAGWPELFWPWRKPRFRPGASRDNLVRAGALLLAALERLDREAD
k141_3273674_46,MSQTSFVELLIGNGIGRNARLEKIAQLLDWSRLQT
k141_1966106_5,MSKVLAAIMAATIFSMVGAALLATGYSMSAPSQWAAHVVEGPRSTHFKTSDKMWIPQGTTRGASPATEEGSLTRKPARSWWI
k141_1227637_10,MEADAAKLIGAGIACIGMGGAGIGVGIIFGNFLTGALRNPSAAPAQFTNALIGAALAEGLGIFSLVIALLLLFT
k141_1227637_12,MPSMLATRTKEKMVNTRGKNFIPSSPITWRTMLWTKSYQISPTDWRREGTSSGLAKAA
k141_1227637_20,MKNRLTKRAIENARAAMLENGKRRLILWDDIVPMFGALPF
k141_4412342_11,GFDFICYSGDVWVLHDALAAALARLRAGCGKA
k141_1341261_1,MLTVLNILWFILGGFLAGLGWWLAGILCAITIVGLPWARACFMLGNFTFWPFGRDVISRKELTGREDLGTGTFGTIGNIIW
k141_6800486_1,DSIALGAFLATDQGKACCDMKGNVAEDPEVLGPGVGGGVRKEDTALREKLNAAIKKVRESGDYDKITKKYFNFDIYGG
k141_1627051_5,MAFEELKAQIGMLLGGLEDQPEDKHELYELIREKLAQMRAMGMPLPNDLVALETELERQFQSDTDKAAG
k141_4414679_1,MGARGAAASSEAAGVVLLVDELLPLTKALGIARRTRDIALQSVFVGLGLSIVGMMAAAFGYLPPVQGALFQEAIDVAVIVNALRALR
k141_1171872_1,MKIVCGNSNRPLAEAIAAYLKLPLAKCVVRRFADMEVFV
k141_6914693_1,MALLPISEALALILAGVEPLPEEIVPLADAHGRVLAQDLRAGRDQPPFTASAMDGFAVRSQDLATLPAQLRVIGEAPA
k141_1287611_1,MHSGGSPPHRGWLGRFVFGLDDWLCRRFGVIEFSTHPDCIFRIELRRLDHVITLSGGT
k141_3163673_9,MSDVAERVRKIVVEHLGVDAEKVTPEASFIDDLGADSLDTVELVMAFEEEFGIEIPDDAAETIQTVGDAVKFIEKNQA
k141_3163673_13,MAMQAQPARRPFFRRRKSCPFSGEGAPKIDYKDVRLLQRYISERGKIVPSRITAVSTKKQRELARAIKRARFLGLLPYVIR
k141_435837_3,MAKNDEERQPKTEMTGSVAKPARKTSDPTVQAAIGRKLRALYDEVANEPVPDRFSELLKKLAEQENQDR
k141_435837_5,MAGRAATALAVGWMSVCGGLALATMDHGVWRGELVDWLPSAMSGHSSSVHYKNSDAPYLTMRPRITGQIQGEAAQPIRARAYWI
k141_435837_7,METILVIILILVLVGALPSWPYSRGWGYGPSGILGLILLIAIVWLLVRAA
k141_435837_8,MLKWAIIFLVISLVAGFLGFSGVSAATAQIAKVLFVIFLVIFVITLILAITGIQLLT
k141_5950610_8,MLKLKALLMCLFASRSFARIDNSGQELILPPPAPPEGQLKRRSGVFGAG
k141_5950610_20,MAPVVVILPAALANLFPDSERRVEVTAATVDEMMDALDRRWPGMRDRLCDSRPAIRRHINIFLEGERATLATVLEPGSEVHILTAISGG
k141_6291139_1,MEANVDPSFPGSRLDADHPENGVLIPRRITGWMRAEAAGDPGPWRQQAILGRGRWDADALRDIVRDYA
k141_2368770_13,MAEIVNLRRHRKRKERDRKSQAAAENRTRFGRTKAERSQEAASRKQEDRKLDGHRRNPEDDPKP
k141_2368770_14,MTRAGRPGPASRAPIKRSVSIAGHRTSLSLESEFWDALQRAATEESTSLASLIGAIDAERGPRNLSSAVRVWLLQRGK
k141_2368770_21,MSSTTLNNIHENGRAERRAVPETVSRIAQSIGRFFTLSRAQRELDELDDRMLADIGLRRGDIRRVVWGGRRFF
k141_322447_6,MEGVGWIGAIIVGGLAGWIAEKVMKSDMGLLTNIILGIVGAVVLNAILMAVLGYTLAGWVGQLVVGAIGASLLIFIYRALRR
k141_322447_7,MESHLMDLGGGVGFFGTLLIGALAGWIAERITRGEHGLITNLIIGIVGAYIGGFLANALGLRLGEVFHGWFWGNLLVSVVGAVLLILAYRLVVGRRA
k141_322447_8,MEMRSILVIVLVGLVAGWLASFVVGGGGILRYIVSGVVGSFVGSFLFRQLNVNLGIGNPLLSDILVATIGAIVVVLLARLVA
k141_3223669_1,MPGERVLIIGGTRDGRLLAAAVMAAGFEPVPSMAGVTKAPVLPPGTVHIGGFGGAQGLARYLSEAKIRAVIDAAHP
k141_5895788_1,LVVVNKASRRGDPHFLSLKLE
k141_665231_1,MSDATLRLLGAFVMLVVGFAAYVLTDRIAYRPLRRRYERRKAMGRRGLEPNMVMAFMRIGMFIGLPALGLLIGPSLLRLWLA
k141_665231_5,MTLGFESPLPLIFARLFAQSGTAAAAWSGMWYGLAIGAMNAATRSTAEPTAPVLGRREIAAVPPVAPVAPVALVRSAKPAGRKGGSSRR
k141_5611762_4,QWTAAGRPLAEHKANAIWKQALAEYQEPAIDPAIREELVAFVERRIREGGEKTDF
k141_4418680_6,MDALSGLSWMAWTWPTAAFFLFILLCFIVMSVWEYHSPGGGPRHGIIGLDTTRGDRLFISLLGSAYIMLAWLGFFGPPLYAPLVIAILYAVAVFLWV
k141_2087374_5,MQEILKELEERRAVARAGGGAKRIAAQHARGKLTARERLDLLLDEGSFEEFDMFVEHGCTDFGMEATKIPGDGVVTGWGTVNGRAV
k141_836980_1,AELPPMEAHHFDPTTGEDEFALEAASAGPAAAPRGNAAPARARKATAAAAAASPNPADPSTWGKVQRNASCPCGSGKKYKHCHGAYS
k141_836980_4,VPTPTKAVKTKQKAAAAPTVTAQQ
k141_6124839_7,MIRFGNNEKKGPITAPAAAEPGSRSSTSESADESLGERVSQLTPHERAVRDVEKFTSSMTDDVAGRSCVSNKCNLL
k141_3849760_8,MSTPTTPKKPSQTVKAAEAEAHATGKDKTEYGRVSRSKHVTDPKTVKANPAADGSPDRAPGGDAENTD
k141_666641_5,MHLRTEIMYGIPILAIVVSRMGVLVNPVIVRFRRRRQRRRSAVSHLDDHLLRDIGLRRSDVIARRILDE
k141_666641_13,MAPHPLLEGEDDPVVVINADGPSHIFLVCEHAGRAIPRRLGTLGLPDSELERHIAYDIGAESVARRLSRLLDAPLVLQRYSRLVQDC
k141_2714642_8,AREADARRTLVVFALALAVALGAVLGVLGAGSMGAVELSAASLRLPVHGGWGGLAGLAVLCACAALAISGAGWLLSRQRTA
k141_3510024_3,MIKSELIQLIAQQNPHLYHRDVERIINTIFDEIIVALSRGDRVELRGFGAFSVKSRHARQGRNPRTGDSVAVDAKRIPFFKTGKELRDRLNDETG
k141_2941833_8,MRTARRDAMPESQLAFDLPHVEASGRDDFLISDANRAALAAIDRWPDW
k141_4533872_1,MGSLLVVGPNLLVVGPNLRVVGPNLRVVAPSLRLVGPNLRVVGPSFKVVGPSHRVVGPSLKVVGPSLKVVGPSLRVVFL
k141_4421329_2,MDSNAAAKFLSALGQTTRFDILRVVAPHSRGQNSHGLPAGDIGRALGIPPATLSFHLKDMTYKGLLSQSRLGRSIYYRADIEALLDTLDYLVGEVCGG
k141_499022_14,MFSGAQISLYPMSDNYVGIIIEALTASSKP
k141_499022_18,MAEIDGETYEMKRYILVGERLWQRAFTPDEKYVIATNGIANDVTLIGVQSVEPVESATRRREALAVMVQPA
k141_3285185_1,LREAMMLLDESAFLRRAFGDRVIDHYLHTARWEQLEYDRRITDWELKRGFEQY
k141_3285185_5,MLIDCPYCGARLSEEFTILGDATKERPSGSRASDMEAWYDYVFIRDNPKGRHREYWQHSGGCRAWLVVERDTLTHQVYAVTAARNTGP
k141_3285185_34,AGVRWPLERRFVPAGATLTISNLAFGPIDVALEAGRGIVLAEPSFAARHSA
k141_4821054_3,MAQEKPQNLQDTFLNHVRKHKIPLTVFLVNGVKLQGMITWFDNFCVLLRRDGMSQLVYKHAISTIMPGQPVSMFEDDTGDR
k141_4821054_7,MNDNLGETELCRRRLLWRAMHRGLRELDLIIGGFAQQRLPAMSERELVEFEAIVATPDSDLQDWLLGNVPVPRERLTATMAAVLAFRPGHGVQPGAK
k141_1522879_8,MRIGFTILGLIALLAGLVWIGQGTGTFPYPRSSFMIDQMRWAWYGAALAIAGLLLLAFASRY
k141_1522879_9,MSELTAFALICFMRFGEDVWIIPPAVRLAIEQCDRRFATAEQCEAAAHEIRSSNPDRDLNDLVDPKGVYVAASCEPSRNF
k141_7151749_10,MRQMKDSNPELPPAARRALAEAAARRNGRKAASTIAEPEIGGPGGPEPTRFGDWERKGIASDF
k141_7151749_14,MGPIVWLILTLIDIYTWIVIVAVIVELLAYFAILDRNNSFVRQARFALQRLTEPALAPIRRILPDLGGIDLSPLLLIVFLKFLAIAIATWSQPLL
k141_7151749_15,MLIAQENQLDHWLRGDLVEQRGIEPLTSALRTPRSPN
k141_3002884_13,MIKNSFTEQLRAQADVWRAQLKDFQQQSDQAGEKVRADFKTAVAQLESQTEEARKLLEKVQSANEAAWADMQTASQKALVELQRGWADALSRFK
k141_102958_1,MTDDYLAPFDSAWRPLDPQQAAVLAMIY
k141_4196584_5,MPLDIRALISAHAGEASALYEAHVNARLAKALRLIGFDRTYVRGSGAYLWDDTGRRWGEGLVEMAARHEFIRDVRWRGLMLGIEFA
k141_4196584_6,MTNIKLIPLVITAQDVDSFLAAFDKVMTSLHRFPGPAWESLFRIGRNVLSSGSSPKRKATA
k141_3685466_1,ARARHGLPDRFESRDLAFHLALRNGFRALAAKEPERCALIDASRDLEAVFTAILGALESRFGRRLDPA
k141_3685466_6,MKAGELISRLIQAGWVEVRQKGSHKTFKHPTNPQLVTVPIHGSKDLTRGIIRSIERTAGLLLR
k141_4140093_7,MVNETPVGELDFETALRELEEIVNRLESGRVDLKASIAIYERGEALKIHCEALLRDAEARIERITLSRDGRPTGTEPLDGT
k141_7098254_1,MSRLCSKGWGNSMNWDFTVAPLLP
k141_104632_2,MSEPAAMSRPPVKEPLVKRFLTFRRGPWENLATVVIAAGVVMLMQPFTVDLYTWSFLTTLIGTVMFIIVSKFPE
k141_104632_7,MKHPVGLHARPSVKLTKLAKSFGCRIEVAQQSSGPWIDAKSIVRVMAMKAPRDTTLHFRAEGDGAAEAVNALSELVARNFDEDHADAAAP
k141_3630298_3,MKLLYFAWVRERMGRAEEEVAVPPHVLTVRDLIGWLADREEGGRLAFTDPRVIRAAADQEHVPLDHPLAGVRELALFPPVTGG
k141_3630298_5,SAKEKPSQGEITAVGPGGRDEAGKLIPIDLKVGDRVLFGKWSGTEVKIDGEDLLIMKESDIMGIIG
k141_6472748_1,MSSADPPAAAPPAAKSCPICGKPVGPHYAPFCSRRCADRDLHRWLGGHYAIAGEPASDDDEPSAMDAEEG
k141_6472748_3,MAKEEPLEFEGVVTELLPNATFRVKLDNGHQIIAHTAGKMRKNRIRVLSGDKVMVEMTPYDLTKGRITYRFK
k141_6472748_8,MSDSTTPAGGKNRKQRIADALRANLRRRKAKQAADASQDSKAPGEQSANANSRSESGR
k141_6472748_9,MRQTKPALIAILVEKASYLDLILDVSAASREVAARCNEPVALDDIANDILRAGIGAGVAMCFGNEVPASQPAP
k141_6701084_4,PVIEHYRKLGKLRTVNGELPVAAVSDQLLAAIGA
k141_4938804_2,MNKNELIARVAEDAKLSKGEAGEAVEATLENIVKALRQGDDVRLVGFGTFTVTERKASEGRDPRTGATIKIAASKNPKFKAGKVLKEAVNT
k141_4938804_3,MSASVLVEIGLVLALILANGALALSELAIVSS
k141_2039972_1,MTAKFDLNDDGVVVVIGSGAGGGTLGAELAMK
k141_2039972_35,MTVRSLPTSFIVATIDLATVLLGTLVLAGRRWQAGYHLRALSDLQLRDIGLNRSEVAPHTPFLHREVMRHELGRW
k141_731574_1,MRLSRYFLPLLRDDPKEAEIVSHRLMLRAGLIRQSSAGIYSWLPLGFRVLRKIEDIVREEQ
k141_731574_2,MTLPFAIALYFIIWWITLFAMLPIGVRTSEEAGEKTAPGNAESAPHMPNLLPKMVATTVVATIVFAVLYAVIVLHVITLDDIPFFPRYERVQ
k141_5793825_1,MSLILASTSPIRRRLLANAAIAVECVPPVADEAALRRAMPPGCPAAAVAEMLAEAKARSVSADFPAAHVIGADQ
k141_1074852_1,MASIKSPDIGEIDELNPMGTDGFEFVEYAAPDPAALGTLFEHMGFARVAKHRSKDVSLYRQGDVNFIVNAEKDSFAQGFARV
k141_4485743_1,MGIAPGVPDFDLDGDKLREECGVFGVFGHDDAAALTALGLHALEHRGQEAAGIVAF
k141_4485743_15,PTGSIKLHFNAQFTKFDNLIQDDHLPQRFD
k141_1700908_3,MAKATKLKIKLLSTAGTGYFYVTTKNSRTKTDKLLFKKYDPVAKKHVEFKETKIK
k141_1700908_8,MAMSDRRRNNTLGTRIAARVTQQRRSSSTLPPIEPAHLSEYVADIALELSQLTKKAELEFLSHLLEMVFVEAFTLSQKMRE
k141_1700908_9,MLGENMSDARRRQPQEARAHEDAGRANAVCEQINRFSDDEIYDHIVSMGLELRRLTKGADMRFLTYLLEMVVEEAATAPRRTRH
k141_1700908_10,APVSVDDLITETGAPAHLVVAALLELELAGRIQRLASHHVVLAE
k141_1303640_1,MPTIALVDDDRNILTSVSMALEAEGYQTSTYTDGVAALQGLQDNPADVA
k141_1303640_5,MTQGRELIGTFAKTPQSERQYCTRCGGHLMTNHPPFGLVDVYAATIPDLKFAPQVHVNYSETVLRMQDGLPKFKDFPEDFGGSGQTVPE
k141_1303640_31,MPKMKTKSSCKKRFTFTATGKVRATQAGKRHGMIKRTNKQIRQQRGTTILEPGDAGLLKSFMPYR
k141_1303640_35,MAVEDFKTLREVGIAIEGIKGRLNLMAGVFAVSVLIGVGALGYVANRVNTVAEGVAEMKGQLAGVSQQLASIKAGVEALQSPRQQN
k141_6590928_5,MRAMRRLRTIAAVAVASLVACGPVAAQQTGDSKVIPPSVVYRIVKEYAPGATVLRVTLQPDTQTYAVRLRSGNTVRRLLIDAQSGRIVGE
k141_3352236_10,MGRIIHFLRNEDGVTAIEYGLIAAATGLALAAAMPAIGTGLGTVFGNVSGEMK
k141_5228341_1,AVVLLKGSDTVIAAPDGRIAINDNAPPTLATAGSGDVLCGAVLGLLAQAAGGFAAAAAAAWLHGDAAAGFGPGLIAEDLPGLLPQALRHAAT
k141_5228341_3,MVALIVTVCAFLNGASCHDETFYFESRGSLNDCMSEAPLYLAEWGSTHPKWQIRRWKCDWPERSRQKT
k141_5228341_7,RALSLVPALRPTALPSSAEIVGAIHAALRGNGTGA
k141_5456213_9,MTSLTFRPVRIATGSEDEDGCLVFNDDHLIAVLVRLSDLHGDAEGKWFLEAAFGHLDHTARPSFDTLDEAKSWIGSQIEA
k141_5456213_11,MGICQCDELKGPNPRYLKRKTDIDAYVDMVDCLVEAW
k141_5456441_7,MREYALHESEHRDAQWPFGSFGRLLRNVWRRRTLRRLALLEDHVLADIGLSRTDVMAAMRLPLSVDPIYEIERLAHRRKPRGIRTS
k141_5456441_10,MSRPLATLALTTAFLAAGALAPVARVAESKTTLTASESRNVTILEKNQAWPIRLAPCGIVRCAEA
k141_5343072_2,MAVPKKKTSPSKRGMRRSGHKMAKPTYVENKQTGELHRPHHIDLKTGMYRGRKVLEPKSEF
k141_5343072_48,MGNGQRSDQDQIERGQASAKRRAREVSPELKEFMHMLKTIEDQAEAAGLHDEE
k141_5343072_50,MSATLFIGAVGLTINCALAVLALRMVMRFDQPPRNDEPVAQPAAAPQPAAAMPCQPAQA
k141_5343072_58,MLALTLVGLTDGGVASAQEAACSVSGTEQRPVGLGDYGCIRKPTAARVSNDGKRIAFVDGSTIQVRSVDGAEPWSPKIPDEEGGASP
k141_5853699_7,MKPATILLLIGSAVIAGAALWWSITMSMAIDAPMSAGGWGAMIAGIVITLILGIGLMSLLFLSSRRGYDEPPDQTETGSKNGQSAADRKPERDEP
k141_2444311_3,MRRQVAWARRVGLERKLAVALLVTAIASGLTTYGVLTGSFGDAQGKGRTAVILL
k141_5116692_2,MNKIVDLKEQNLALLLLERDVLKADVDRLSAIVAKLEEKLASLALQCRQGCRHDHYQEVERMRVDHIGRLIEERNEAWKELARQRERQV
k141_5116692_3,MSFWKSLFGWGKPRDDVAALAAKEVEHKGFLIIARPFLENGQYQLAGAIARVSGDDRQEHAYIRADRFASKEAAIDAAIAKGRQLIDEQGERLFG
k141_4946060_5,MRGLPDRRPYVLLMPALSLLVLLLVVPIAIMVVFT
